metric_name,timestamp,value,location
avg_wait_time,2025-11-06 00:00:00,12.722165500700417,ED
bed_occupancy,2025-11-06 00:00:00,80.93474895480644,Hospital
resource_utilization,2025-11-06 00:00:00,46.3375572024018,Hospital
avg_wait_time,2025-11-06 01:00:00,43.599171841844445,ED
bed_occupancy,2025-11-06 01:00:00,80.28509114057687,Hospital
resource_utilization,2025-11-06 01:00:00,60.90473796471828,Hospital
avg_wait_time,2025-11-06 02:00:00,11.301601503662368,ED
bed_occupancy,2025-11-06 02:00:00,76.66135589900745,Hospital
resource_utilization,2025-11-06 02:00:00,56.633440284590186,Hospital
avg_wait_time,2025-11-06 03:00:00,8.517086848081385,ED
bed_occupancy,2025-11-06 03:00:00,98.68021180952086,Hospital
resource_utilization,2025-11-06 03:00:00,54.573795282692075,Hospital
avg_wait_time,2025-11-06 04:00:00,32.61880968534097,ED
bed_occupancy,2025-11-06 04:00:00,63.65290007289691,Hospital
resource_utilization,2025-11-06 04:00:00,90.22429551297249,Hospital
avg_wait_time,2025-11-06 05:00:00,28.63005806242308,ED
bed_occupancy,2025-11-06 05:00:00,86.27488001506448,Hospital
resource_utilization,2025-11-06 05:00:00,82.99813983678777,Hospital
avg_wait_time,2025-11-06 06:00:00,29.236613146603343,ED
bed_occupancy,2025-11-06 06:00:00,62.83629833653023,Hospital
resource_utilization,2025-11-06 06:00:00,63.62703329976839,Hospital
avg_wait_time,2025-11-06 07:00:00,15.481203733245788,ED
bed_occupancy,2025-11-06 07:00:00,79.46868082724735,Hospital
resource_utilization,2025-11-06 07:00:00,62.23788389249559,Hospital
avg_wait_time,2025-11-06 08:00:00,38.06132469195391,ED
bed_occupancy,2025-11-06 08:00:00,69.88190208839083,Hospital
resource_utilization,2025-11-06 08:00:00,51.07155826028716,Hospital
avg_wait_time,2025-11-06 09:00:00,43.323451818022995,ED
bed_occupancy,2025-11-06 09:00:00,97.98066455556719,Hospital
resource_utilization,2025-11-06 09:00:00,94.64057307046806,Hospital
avg_wait_time,2025-11-06 10:00:00,27.735223181853485,ED
bed_occupancy,2025-11-06 10:00:00,64.52575842355995,Hospital
resource_utilization,2025-11-06 10:00:00,88.40922574054585,Hospital
avg_wait_time,2025-11-06 11:00:00,10.804599370305624,ED
bed_occupancy,2025-11-06 11:00:00,66.22377304116624,Hospital
resource_utilization,2025-11-06 11:00:00,50.63686621173484,Hospital
avg_wait_time,2025-11-06 12:00:00,31.136753415723714,ED
bed_occupancy,2025-11-06 12:00:00,64.2879621290929,Hospital
resource_utilization,2025-11-06 12:00:00,82.80548959564713,Hospital
avg_wait_time,2025-11-06 13:00:00,7.330063838322167,ED
bed_occupancy,2025-11-06 13:00:00,64.4178624268728,Hospital
resource_utilization,2025-11-06 13:00:00,63.89679279165907,Hospital
avg_wait_time,2025-11-06 14:00:00,20.166860077996027,ED
bed_occupancy,2025-11-06 14:00:00,99.58833073589736,Hospital
resource_utilization,2025-11-06 14:00:00,93.17751761952869,Hospital
avg_wait_time,2025-11-06 15:00:00,12.587272294225023,ED
bed_occupancy,2025-11-06 15:00:00,97.8666218031385,Hospital
resource_utilization,2025-11-06 15:00:00,78.07440472065814,Hospital
avg_wait_time,2025-11-06 16:00:00,21.353726621329358,ED
bed_occupancy,2025-11-06 16:00:00,89.58523728643766,Hospital
resource_utilization,2025-11-06 16:00:00,89.50775311386008,Hospital
avg_wait_time,2025-11-06 17:00:00,12.205662151959,ED
bed_occupancy,2025-11-06 17:00:00,67.83937045510645,Hospital
resource_utilization,2025-11-06 17:00:00,62.479641922521324,Hospital
avg_wait_time,2025-11-06 18:00:00,11.768470853402828,ED
bed_occupancy,2025-11-06 18:00:00,74.41589942823263,Hospital
resource_utilization,2025-11-06 18:00:00,75.51303398843828,Hospital
avg_wait_time,2025-11-06 19:00:00,37.51272501335419,ED
bed_occupancy,2025-11-06 19:00:00,72.07739750741598,Hospital
resource_utilization,2025-11-06 19:00:00,55.49518760926609,Hospital
avg_wait_time,2025-11-06 20:00:00,36.1897185755671,ED
bed_occupancy,2025-11-06 20:00:00,75.24104904010036,Hospital
resource_utilization,2025-11-06 20:00:00,85.01614523278627,Hospital
avg_wait_time,2025-11-06 21:00:00,44.73521281316853,ED
bed_occupancy,2025-11-06 21:00:00,99.18674703934869,Hospital
resource_utilization,2025-11-06 21:00:00,76.4477825166009,Hospital
avg_wait_time,2025-11-06 22:00:00,20.008528455098023,ED
bed_occupancy,2025-11-06 22:00:00,62.619594379070506,Hospital
resource_utilization,2025-11-06 22:00:00,80.59223479943834,Hospital
avg_wait_time,2025-11-06 23:00:00,44.11868964212976,ED
bed_occupancy,2025-11-06 23:00:00,62.71937852862513,Hospital
resource_utilization,2025-11-06 23:00:00,40.33922408413521,Hospital
avg_wait_time,2025-11-07 00:00:00,38.2710478632687,ED
bed_occupancy,2025-11-07 00:00:00,64.09035848152949,Hospital
resource_utilization,2025-11-07 00:00:00,44.48926392450687,Hospital
avg_wait_time,2025-11-07 01:00:00,41.413442728927144,ED
bed_occupancy,2025-11-07 01:00:00,63.182432466875255,Hospital
resource_utilization,2025-11-07 01:00:00,46.27097101264844,Hospital
avg_wait_time,2025-11-07 02:00:00,27.78294701078773,ED
bed_occupancy,2025-11-07 02:00:00,90.27256692133165,Hospital
resource_utilization,2025-11-07 02:00:00,61.976474229282495,Hospital
avg_wait_time,2025-11-07 03:00:00,21.823566427615617,ED
bed_occupancy,2025-11-07 03:00:00,85.30503948604554,Hospital
resource_utilization,2025-11-07 03:00:00,67.79839121569297,Hospital
avg_wait_time,2025-11-07 04:00:00,5.7451317111087,ED
bed_occupancy,2025-11-07 04:00:00,64.543327450888,Hospital
resource_utilization,2025-11-07 04:00:00,71.98800085389715,Hospital
avg_wait_time,2025-11-07 05:00:00,36.746500387914644,ED
bed_occupancy,2025-11-07 05:00:00,90.52412581719824,Hospital
resource_utilization,2025-11-07 05:00:00,80.70311076115047,Hospital
avg_wait_time,2025-11-07 06:00:00,35.85090464832536,ED
bed_occupancy,2025-11-07 06:00:00,61.77773905298092,Hospital
resource_utilization,2025-11-07 06:00:00,89.23058607294237,Hospital
avg_wait_time,2025-11-07 07:00:00,40.57132420846698,ED
bed_occupancy,2025-11-07 07:00:00,81.27695956390455,Hospital
resource_utilization,2025-11-07 07:00:00,53.6726882747821,Hospital
avg_wait_time,2025-11-07 08:00:00,28.687138911257335,ED
bed_occupancy,2025-11-07 08:00:00,82.31543705501146,Hospital
resource_utilization,2025-11-07 08:00:00,52.262646422961566,Hospital
avg_wait_time,2025-11-07 09:00:00,29.125207157146768,ED
bed_occupancy,2025-11-07 09:00:00,91.89176464402439,Hospital
resource_utilization,2025-11-07 09:00:00,84.33587756098909,Hospital
avg_wait_time,2025-11-07 10:00:00,7.387912891196575,ED
bed_occupancy,2025-11-07 10:00:00,67.88653247249857,Hospital
resource_utilization,2025-11-07 10:00:00,76.75228483262575,Hospital
avg_wait_time,2025-11-07 11:00:00,39.39327781657209,ED
bed_occupancy,2025-11-07 11:00:00,80.84868329796862,Hospital
resource_utilization,2025-11-07 11:00:00,78.91391175842392,Hospital
avg_wait_time,2025-11-07 12:00:00,5.8428804262760226,ED
bed_occupancy,2025-11-07 12:00:00,84.33683247541597,Hospital
resource_utilization,2025-11-07 12:00:00,92.90500294401309,Hospital
avg_wait_time,2025-11-07 13:00:00,31.44058428130952,ED
bed_occupancy,2025-11-07 13:00:00,96.8910286640128,Hospital
resource_utilization,2025-11-07 13:00:00,71.13052019720905,Hospital
avg_wait_time,2025-11-07 14:00:00,38.73514951103711,ED
bed_occupancy,2025-11-07 14:00:00,64.9664963302859,Hospital
resource_utilization,2025-11-07 14:00:00,46.79322945877491,Hospital
avg_wait_time,2025-11-07 15:00:00,9.807173167831781,ED
bed_occupancy,2025-11-07 15:00:00,79.55398208146836,Hospital
resource_utilization,2025-11-07 15:00:00,58.164495846041326,Hospital
avg_wait_time,2025-11-07 16:00:00,33.76743414964144,ED
bed_occupancy,2025-11-07 16:00:00,96.10487657201588,Hospital
resource_utilization,2025-11-07 16:00:00,74.06561557154151,Hospital
avg_wait_time,2025-11-07 17:00:00,13.528422243943172,ED
bed_occupancy,2025-11-07 17:00:00,97.23507470116455,Hospital
resource_utilization,2025-11-07 17:00:00,69.03215359758904,Hospital
avg_wait_time,2025-11-07 18:00:00,33.79782212543021,ED
bed_occupancy,2025-11-07 18:00:00,95.62023401740709,Hospital
resource_utilization,2025-11-07 18:00:00,94.44075626543965,Hospital
avg_wait_time,2025-11-07 19:00:00,25.242557964066954,ED
bed_occupancy,2025-11-07 19:00:00,92.32250874734694,Hospital
resource_utilization,2025-11-07 19:00:00,71.17768859250332,Hospital
avg_wait_time,2025-11-07 20:00:00,24.45815783983224,ED
bed_occupancy,2025-11-07 20:00:00,81.50850077105159,Hospital
resource_utilization,2025-11-07 20:00:00,66.63513841019373,Hospital
avg_wait_time,2025-11-07 21:00:00,21.841124751787223,ED
bed_occupancy,2025-11-07 21:00:00,88.94882762055951,Hospital
resource_utilization,2025-11-07 21:00:00,53.73216987712126,Hospital
avg_wait_time,2025-11-07 22:00:00,29.655258632240024,ED
bed_occupancy,2025-11-07 22:00:00,88.51840711057719,Hospital
resource_utilization,2025-11-07 22:00:00,89.06499583648878,Hospital
avg_wait_time,2025-11-07 23:00:00,18.27508595750343,ED
bed_occupancy,2025-11-07 23:00:00,94.42396414064257,Hospital
resource_utilization,2025-11-07 23:00:00,91.99101442292252,Hospital
avg_wait_time,2025-11-08 00:00:00,30.94717530966875,ED
bed_occupancy,2025-11-08 00:00:00,90.85732031692052,Hospital
resource_utilization,2025-11-08 00:00:00,62.313882790038036,Hospital
avg_wait_time,2025-11-08 01:00:00,43.08541679138771,ED
bed_occupancy,2025-11-08 01:00:00,86.83445820345696,Hospital
resource_utilization,2025-11-08 01:00:00,57.05862447397721,Hospital
avg_wait_time,2025-11-08 02:00:00,21.170453889360914,ED
bed_occupancy,2025-11-08 02:00:00,84.71022056526304,Hospital
resource_utilization,2025-11-08 02:00:00,52.87743404817623,Hospital
avg_wait_time,2025-11-08 03:00:00,35.15657617361168,ED
bed_occupancy,2025-11-08 03:00:00,68.98766065078573,Hospital
resource_utilization,2025-11-08 03:00:00,72.54840576740166,Hospital
avg_wait_time,2025-11-08 04:00:00,32.88026051979309,ED
bed_occupancy,2025-11-08 04:00:00,94.38991582646155,Hospital
resource_utilization,2025-11-08 04:00:00,80.36452286839133,Hospital
avg_wait_time,2025-11-08 05:00:00,36.9530036620914,ED
bed_occupancy,2025-11-08 05:00:00,96.51727205991392,Hospital
resource_utilization,2025-11-08 05:00:00,72.87743586721398,Hospital
avg_wait_time,2025-11-08 06:00:00,38.851200426480666,ED
bed_occupancy,2025-11-08 06:00:00,69.27488924100689,Hospital
resource_utilization,2025-11-08 06:00:00,84.81032439355852,Hospital
avg_wait_time,2025-11-08 07:00:00,13.86746965225921,ED
bed_occupancy,2025-11-08 07:00:00,97.3851687497112,Hospital
resource_utilization,2025-11-08 07:00:00,58.14853356017178,Hospital
avg_wait_time,2025-11-08 08:00:00,11.873519927024514,ED
bed_occupancy,2025-11-08 08:00:00,65.92675040516808,Hospital
resource_utilization,2025-11-08 08:00:00,50.29997193158078,Hospital
avg_wait_time,2025-11-08 09:00:00,22.90161234252664,ED
bed_occupancy,2025-11-08 09:00:00,80.88597564320236,Hospital
resource_utilization,2025-11-08 09:00:00,90.25822078881552,Hospital
avg_wait_time,2025-11-08 10:00:00,20.24059211710782,ED
bed_occupancy,2025-11-08 10:00:00,68.69929235148217,Hospital
resource_utilization,2025-11-08 10:00:00,80.910161151166,Hospital
avg_wait_time,2025-11-08 11:00:00,10.386176317144237,ED
bed_occupancy,2025-11-08 11:00:00,95.69133488060751,Hospital
resource_utilization,2025-11-08 11:00:00,62.51697993648422,Hospital
avg_wait_time,2025-11-08 12:00:00,29.55365934619919,ED
bed_occupancy,2025-11-08 12:00:00,67.4473737046609,Hospital
resource_utilization,2025-11-08 12:00:00,48.00410319939102,Hospital
avg_wait_time,2025-11-08 13:00:00,36.95357499019423,ED
bed_occupancy,2025-11-08 13:00:00,77.18809167658239,Hospital
resource_utilization,2025-11-08 13:00:00,94.27085469994157,Hospital
avg_wait_time,2025-11-08 14:00:00,25.971917778098064,ED
bed_occupancy,2025-11-08 14:00:00,93.8261164303076,Hospital
resource_utilization,2025-11-08 14:00:00,93.89800232967895,Hospital
avg_wait_time,2025-11-08 15:00:00,16.246006460340062,ED
bed_occupancy,2025-11-08 15:00:00,92.03526848621465,Hospital
resource_utilization,2025-11-08 15:00:00,41.21033898285553,Hospital
avg_wait_time,2025-11-08 16:00:00,32.19016472244115,ED
bed_occupancy,2025-11-08 16:00:00,89.80804364471398,Hospital
resource_utilization,2025-11-08 16:00:00,66.25500418395262,Hospital
avg_wait_time,2025-11-08 17:00:00,11.48420840470008,ED
bed_occupancy,2025-11-08 17:00:00,84.66882192313798,Hospital
resource_utilization,2025-11-08 17:00:00,89.36407626895567,Hospital
avg_wait_time,2025-11-08 18:00:00,42.25276798313076,ED
bed_occupancy,2025-11-08 18:00:00,89.84409561678412,Hospital
resource_utilization,2025-11-08 18:00:00,54.50422921340811,Hospital
avg_wait_time,2025-11-08 19:00:00,39.8130770423968,ED
bed_occupancy,2025-11-08 19:00:00,95.5529226680678,Hospital
resource_utilization,2025-11-08 19:00:00,60.19832131598713,Hospital
avg_wait_time,2025-11-08 20:00:00,12.319269461747226,ED
bed_occupancy,2025-11-08 20:00:00,94.98637736533473,Hospital
resource_utilization,2025-11-08 20:00:00,88.68035233890478,Hospital
avg_wait_time,2025-11-08 21:00:00,9.036243382048564,ED
bed_occupancy,2025-11-08 21:00:00,98.67937168889952,Hospital
resource_utilization,2025-11-08 21:00:00,69.31943041933388,Hospital
avg_wait_time,2025-11-08 22:00:00,44.749207797717446,ED
bed_occupancy,2025-11-08 22:00:00,77.80033000866726,Hospital
resource_utilization,2025-11-08 22:00:00,69.33058366477515,Hospital
avg_wait_time,2025-11-08 23:00:00,15.643313278849824,ED
bed_occupancy,2025-11-08 23:00:00,95.95789782061478,Hospital
resource_utilization,2025-11-08 23:00:00,64.40416643899175,Hospital
avg_wait_time,2025-11-09 00:00:00,37.584562145095354,ED
bed_occupancy,2025-11-09 00:00:00,63.18937100380331,Hospital
resource_utilization,2025-11-09 00:00:00,83.3535645672147,Hospital
avg_wait_time,2025-11-09 01:00:00,24.609725690058998,ED
bed_occupancy,2025-11-09 01:00:00,60.21631518932424,Hospital
resource_utilization,2025-11-09 01:00:00,52.44446164493372,Hospital
avg_wait_time,2025-11-09 02:00:00,12.749208457724679,ED
bed_occupancy,2025-11-09 02:00:00,90.07058325237759,Hospital
resource_utilization,2025-11-09 02:00:00,66.24612043862703,Hospital
avg_wait_time,2025-11-09 03:00:00,11.388735867483897,ED
bed_occupancy,2025-11-09 03:00:00,70.2721190818101,Hospital
resource_utilization,2025-11-09 03:00:00,67.72422429182367,Hospital
avg_wait_time,2025-11-09 04:00:00,5.785527892786955,ED
bed_occupancy,2025-11-09 04:00:00,76.96502352397495,Hospital
resource_utilization,2025-11-09 04:00:00,77.29337720095572,Hospital
avg_wait_time,2025-11-09 05:00:00,25.710183411435153,ED
bed_occupancy,2025-11-09 05:00:00,83.92398164301994,Hospital
resource_utilization,2025-11-09 05:00:00,57.96399643564074,Hospital
avg_wait_time,2025-11-09 06:00:00,12.323028960790232,ED
bed_occupancy,2025-11-09 06:00:00,92.38965161420724,Hospital
resource_utilization,2025-11-09 06:00:00,89.80991792899982,Hospital
avg_wait_time,2025-11-09 07:00:00,25.429622814995746,ED
bed_occupancy,2025-11-09 07:00:00,72.20164850325563,Hospital
resource_utilization,2025-11-09 07:00:00,68.1162656234892,Hospital
avg_wait_time,2025-11-09 08:00:00,40.15942082549582,ED
bed_occupancy,2025-11-09 08:00:00,87.6562538950047,Hospital
resource_utilization,2025-11-09 08:00:00,87.22388474595647,Hospital
avg_wait_time,2025-11-09 09:00:00,18.135176923122014,ED
bed_occupancy,2025-11-09 09:00:00,88.47916513349983,Hospital
resource_utilization,2025-11-09 09:00:00,75.91769343313891,Hospital
avg_wait_time,2025-11-09 10:00:00,27.86465842601669,ED
bed_occupancy,2025-11-09 10:00:00,81.12899460922036,Hospital
resource_utilization,2025-11-09 10:00:00,70.30378357267783,Hospital
avg_wait_time,2025-11-09 11:00:00,38.98684358906796,ED
bed_occupancy,2025-11-09 11:00:00,96.6397800401658,Hospital
resource_utilization,2025-11-09 11:00:00,46.207325541188105,Hospital
avg_wait_time,2025-11-09 12:00:00,27.750863103613376,ED
bed_occupancy,2025-11-09 12:00:00,96.73633689892938,Hospital
resource_utilization,2025-11-09 12:00:00,47.410699183750175,Hospital
avg_wait_time,2025-11-09 13:00:00,21.51437493187625,ED
bed_occupancy,2025-11-09 13:00:00,63.56320685403616,Hospital
resource_utilization,2025-11-09 13:00:00,46.24120211053555,Hospital
avg_wait_time,2025-11-09 14:00:00,41.16443250238133,ED
bed_occupancy,2025-11-09 14:00:00,77.84718339321974,Hospital
resource_utilization,2025-11-09 14:00:00,77.88068097025293,Hospital
avg_wait_time,2025-11-09 15:00:00,10.556576929741333,ED
bed_occupancy,2025-11-09 15:00:00,60.87789929571023,Hospital
resource_utilization,2025-11-09 15:00:00,88.97661765418752,Hospital
avg_wait_time,2025-11-09 16:00:00,27.981825581960877,ED
bed_occupancy,2025-11-09 16:00:00,60.799510222840276,Hospital
resource_utilization,2025-11-09 16:00:00,94.5786714510393,Hospital
avg_wait_time,2025-11-09 17:00:00,24.68769532055032,ED
bed_occupancy,2025-11-09 17:00:00,79.03506032661103,Hospital
resource_utilization,2025-11-09 17:00:00,74.15028013774418,Hospital
avg_wait_time,2025-11-09 18:00:00,5.316181367818484,ED
bed_occupancy,2025-11-09 18:00:00,82.7655349482576,Hospital
resource_utilization,2025-11-09 18:00:00,74.62161471943112,Hospital
avg_wait_time,2025-11-09 19:00:00,16.878142724122903,ED
bed_occupancy,2025-11-09 19:00:00,89.07409639073194,Hospital
resource_utilization,2025-11-09 19:00:00,60.758749891988224,Hospital
avg_wait_time,2025-11-09 20:00:00,33.710925378325605,ED
bed_occupancy,2025-11-09 20:00:00,65.75300713810057,Hospital
resource_utilization,2025-11-09 20:00:00,90.25337988225598,Hospital
avg_wait_time,2025-11-09 21:00:00,40.17829494625041,ED
bed_occupancy,2025-11-09 21:00:00,66.02505904351082,Hospital
resource_utilization,2025-11-09 21:00:00,91.61496653970366,Hospital
avg_wait_time,2025-11-09 22:00:00,27.311210910690956,ED
bed_occupancy,2025-11-09 22:00:00,88.06598713459874,Hospital
resource_utilization,2025-11-09 22:00:00,86.21615858070908,Hospital
avg_wait_time,2025-11-09 23:00:00,8.342797883200145,ED
bed_occupancy,2025-11-09 23:00:00,66.77137429864666,Hospital
resource_utilization,2025-11-09 23:00:00,55.971500681727896,Hospital
avg_wait_time,2025-11-10 00:00:00,24.088179255480547,ED
bed_occupancy,2025-11-10 00:00:00,73.84218025194963,Hospital
resource_utilization,2025-11-10 00:00:00,67.82155073181292,Hospital
avg_wait_time,2025-11-10 01:00:00,12.436681093749451,ED
bed_occupancy,2025-11-10 01:00:00,87.28616559732659,Hospital
resource_utilization,2025-11-10 01:00:00,43.06541846510521,Hospital
avg_wait_time,2025-11-10 02:00:00,19.457980248318464,ED
bed_occupancy,2025-11-10 02:00:00,67.1613297868449,Hospital
resource_utilization,2025-11-10 02:00:00,80.14632995288741,Hospital
avg_wait_time,2025-11-10 03:00:00,40.34613355319645,ED
bed_occupancy,2025-11-10 03:00:00,63.15144836813899,Hospital
resource_utilization,2025-11-10 03:00:00,83.177082072652,Hospital
avg_wait_time,2025-11-10 04:00:00,40.82889174888409,ED
bed_occupancy,2025-11-10 04:00:00,98.95880866456221,Hospital
resource_utilization,2025-11-10 04:00:00,71.86624380197989,Hospital
avg_wait_time,2025-11-10 05:00:00,18.09567544029627,ED
bed_occupancy,2025-11-10 05:00:00,72.8789439946932,Hospital
resource_utilization,2025-11-10 05:00:00,60.84335436119489,Hospital
avg_wait_time,2025-11-10 06:00:00,29.506696293105076,ED
bed_occupancy,2025-11-10 06:00:00,79.609200485565,Hospital
resource_utilization,2025-11-10 06:00:00,75.94992645237593,Hospital
avg_wait_time,2025-11-10 07:00:00,6.572554941183046,ED
bed_occupancy,2025-11-10 07:00:00,64.23526201524454,Hospital
resource_utilization,2025-11-10 07:00:00,93.70967246847187,Hospital
avg_wait_time,2025-11-10 08:00:00,44.81542008744954,ED
bed_occupancy,2025-11-10 08:00:00,89.86635268557559,Hospital
resource_utilization,2025-11-10 08:00:00,54.10184325995664,Hospital
avg_wait_time,2025-11-10 09:00:00,43.135269376021995,ED
bed_occupancy,2025-11-10 09:00:00,68.54811175166815,Hospital
resource_utilization,2025-11-10 09:00:00,80.22872273351831,Hospital
avg_wait_time,2025-11-10 10:00:00,9.610332467681552,ED
bed_occupancy,2025-11-10 10:00:00,85.95617994239336,Hospital
resource_utilization,2025-11-10 10:00:00,81.77332518458748,Hospital
avg_wait_time,2025-11-10 11:00:00,39.3856057835233,ED
bed_occupancy,2025-11-10 11:00:00,89.37224558752042,Hospital
resource_utilization,2025-11-10 11:00:00,90.79169454454986,Hospital
avg_wait_time,2025-11-10 12:00:00,25.836930316029,ED
bed_occupancy,2025-11-10 12:00:00,87.09714427573311,Hospital
resource_utilization,2025-11-10 12:00:00,60.325254679859356,Hospital
avg_wait_time,2025-11-10 13:00:00,5.4155779715725005,ED
bed_occupancy,2025-11-10 13:00:00,90.26771821869362,Hospital
resource_utilization,2025-11-10 13:00:00,87.8423356329163,Hospital
avg_wait_time,2025-11-10 14:00:00,11.95697908038908,ED
bed_occupancy,2025-11-10 14:00:00,61.145630066611645,Hospital
resource_utilization,2025-11-10 14:00:00,49.0476015025805,Hospital
avg_wait_time,2025-11-10 15:00:00,40.81157172957156,ED
bed_occupancy,2025-11-10 15:00:00,71.82041557485319,Hospital
resource_utilization,2025-11-10 15:00:00,52.85372631695194,Hospital
avg_wait_time,2025-11-10 16:00:00,5.583592993728654,ED
bed_occupancy,2025-11-10 16:00:00,71.88220588840265,Hospital
resource_utilization,2025-11-10 16:00:00,79.360149236223,Hospital
avg_wait_time,2025-11-10 17:00:00,43.363571535048784,ED
bed_occupancy,2025-11-10 17:00:00,72.50964929750533,Hospital
resource_utilization,2025-11-10 17:00:00,53.23769261158813,Hospital
avg_wait_time,2025-11-10 18:00:00,40.52276081850537,ED
bed_occupancy,2025-11-10 18:00:00,94.10019403328914,Hospital
resource_utilization,2025-11-10 18:00:00,58.04882310790275,Hospital
avg_wait_time,2025-11-10 19:00:00,7.752206150282159,ED
bed_occupancy,2025-11-10 19:00:00,99.6795776186697,Hospital
resource_utilization,2025-11-10 19:00:00,77.43873581039816,Hospital
avg_wait_time,2025-11-10 20:00:00,42.06321988336537,ED
bed_occupancy,2025-11-10 20:00:00,73.67497897277846,Hospital
resource_utilization,2025-11-10 20:00:00,75.62269804956468,Hospital
avg_wait_time,2025-11-10 21:00:00,31.97988920826451,ED
bed_occupancy,2025-11-10 21:00:00,94.91621870155677,Hospital
resource_utilization,2025-11-10 21:00:00,94.61819204138023,Hospital
avg_wait_time,2025-11-10 22:00:00,9.346647140959465,ED
bed_occupancy,2025-11-10 22:00:00,85.24467381721726,Hospital
resource_utilization,2025-11-10 22:00:00,58.50419715994224,Hospital
avg_wait_time,2025-11-10 23:00:00,37.46633708240488,ED
bed_occupancy,2025-11-10 23:00:00,90.16591938985769,Hospital
resource_utilization,2025-11-10 23:00:00,89.08851883231526,Hospital
avg_wait_time,2025-11-11 00:00:00,18.748115091219326,ED
bed_occupancy,2025-11-11 00:00:00,67.3812137663106,Hospital
resource_utilization,2025-11-11 00:00:00,41.19909224331403,Hospital
avg_wait_time,2025-11-11 01:00:00,15.220267348728447,ED
bed_occupancy,2025-11-11 01:00:00,74.68686159020925,Hospital
resource_utilization,2025-11-11 01:00:00,92.03368422713956,Hospital
avg_wait_time,2025-11-11 02:00:00,24.654905353890108,ED
bed_occupancy,2025-11-11 02:00:00,82.25758016435158,Hospital
resource_utilization,2025-11-11 02:00:00,88.4070819126463,Hospital
avg_wait_time,2025-11-11 03:00:00,40.40278055056563,ED
bed_occupancy,2025-11-11 03:00:00,81.11663306252808,Hospital
resource_utilization,2025-11-11 03:00:00,46.253692430333246,Hospital
avg_wait_time,2025-11-11 04:00:00,15.820646587249186,ED
bed_occupancy,2025-11-11 04:00:00,78.27552800024489,Hospital
resource_utilization,2025-11-11 04:00:00,81.31432223478376,Hospital
avg_wait_time,2025-11-11 05:00:00,33.46726993316449,ED
bed_occupancy,2025-11-11 05:00:00,85.7083294119906,Hospital
resource_utilization,2025-11-11 05:00:00,88.41350578912895,Hospital
avg_wait_time,2025-11-11 06:00:00,37.105856332285015,ED
bed_occupancy,2025-11-11 06:00:00,99.28456963230522,Hospital
resource_utilization,2025-11-11 06:00:00,88.90371865132356,Hospital
avg_wait_time,2025-11-11 07:00:00,12.82625711373714,ED
bed_occupancy,2025-11-11 07:00:00,62.304662620815826,Hospital
resource_utilization,2025-11-11 07:00:00,62.79810192243778,Hospital
avg_wait_time,2025-11-11 08:00:00,29.700178036051163,ED
bed_occupancy,2025-11-11 08:00:00,85.72413998780156,Hospital
resource_utilization,2025-11-11 08:00:00,54.713201883509726,Hospital
avg_wait_time,2025-11-11 09:00:00,39.39523857794681,ED
bed_occupancy,2025-11-11 09:00:00,73.16985854581708,Hospital
resource_utilization,2025-11-11 09:00:00,90.55130335107289,Hospital
avg_wait_time,2025-11-11 10:00:00,23.86405605212886,ED
bed_occupancy,2025-11-11 10:00:00,60.41562664167344,Hospital
resource_utilization,2025-11-11 10:00:00,48.91227211571104,Hospital
avg_wait_time,2025-11-11 11:00:00,9.092770266199906,ED
bed_occupancy,2025-11-11 11:00:00,61.76103183201231,Hospital
resource_utilization,2025-11-11 11:00:00,79.27095209458719,Hospital
avg_wait_time,2025-11-11 12:00:00,12.692634922416088,ED
bed_occupancy,2025-11-11 12:00:00,93.54479177625944,Hospital
resource_utilization,2025-11-11 12:00:00,54.54578558479365,Hospital
avg_wait_time,2025-11-11 13:00:00,6.293084259633659,ED
bed_occupancy,2025-11-11 13:00:00,92.82701375900916,Hospital
resource_utilization,2025-11-11 13:00:00,65.6380217792043,Hospital
avg_wait_time,2025-11-11 14:00:00,28.980217610759755,ED
bed_occupancy,2025-11-11 14:00:00,73.44909154566253,Hospital
resource_utilization,2025-11-11 14:00:00,42.5322217885603,Hospital
avg_wait_time,2025-11-11 15:00:00,19.807083566564984,ED
bed_occupancy,2025-11-11 15:00:00,80.73145481174288,Hospital
resource_utilization,2025-11-11 15:00:00,40.64276319451402,Hospital
avg_wait_time,2025-11-11 16:00:00,27.97160128815275,ED
bed_occupancy,2025-11-11 16:00:00,95.72168618236691,Hospital
resource_utilization,2025-11-11 16:00:00,51.981228733101446,Hospital
avg_wait_time,2025-11-11 17:00:00,42.07076644593595,ED
bed_occupancy,2025-11-11 17:00:00,63.90434075294344,Hospital
resource_utilization,2025-11-11 17:00:00,85.39899926225519,Hospital
avg_wait_time,2025-11-11 18:00:00,38.61297433208629,ED
bed_occupancy,2025-11-11 18:00:00,70.31039451592555,Hospital
resource_utilization,2025-11-11 18:00:00,92.6813874349657,Hospital
avg_wait_time,2025-11-11 19:00:00,21.66394902847111,ED
bed_occupancy,2025-11-11 19:00:00,65.65024349862375,Hospital
resource_utilization,2025-11-11 19:00:00,72.54429479549417,Hospital
avg_wait_time,2025-11-11 20:00:00,44.86458816181065,ED
bed_occupancy,2025-11-11 20:00:00,95.97166195837178,Hospital
resource_utilization,2025-11-11 20:00:00,55.32315543633064,Hospital
avg_wait_time,2025-11-11 21:00:00,28.079463975135024,ED
bed_occupancy,2025-11-11 21:00:00,64.61470638707266,Hospital
resource_utilization,2025-11-11 21:00:00,65.40146423853992,Hospital
avg_wait_time,2025-11-11 22:00:00,25.922802707647257,ED
bed_occupancy,2025-11-11 22:00:00,72.61113193324513,Hospital
resource_utilization,2025-11-11 22:00:00,66.6302895615353,Hospital
avg_wait_time,2025-11-11 23:00:00,41.79753832724694,ED
bed_occupancy,2025-11-11 23:00:00,80.00550548718923,Hospital
resource_utilization,2025-11-11 23:00:00,85.70446708121786,Hospital
avg_wait_time,2025-11-12 00:00:00,17.695617166537353,ED
bed_occupancy,2025-11-12 00:00:00,98.85616889489927,Hospital
resource_utilization,2025-11-12 00:00:00,45.1404778394852,Hospital
avg_wait_time,2025-11-12 01:00:00,28.423465873679568,ED
bed_occupancy,2025-11-12 01:00:00,91.5955118066721,Hospital
resource_utilization,2025-11-12 01:00:00,84.7722542470635,Hospital
avg_wait_time,2025-11-12 02:00:00,12.931244431481677,ED
bed_occupancy,2025-11-12 02:00:00,76.06583554739944,Hospital
resource_utilization,2025-11-12 02:00:00,74.33078948552567,Hospital
avg_wait_time,2025-11-12 03:00:00,17.635308390896665,ED
bed_occupancy,2025-11-12 03:00:00,86.33184060853921,Hospital
resource_utilization,2025-11-12 03:00:00,60.83293692219864,Hospital
avg_wait_time,2025-11-12 04:00:00,19.034652903408894,ED
bed_occupancy,2025-11-12 04:00:00,64.32272685961638,Hospital
resource_utilization,2025-11-12 04:00:00,42.15890833691751,Hospital
avg_wait_time,2025-11-12 05:00:00,38.41095160048728,ED
bed_occupancy,2025-11-12 05:00:00,79.58177968624297,Hospital
resource_utilization,2025-11-12 05:00:00,70.95802232649537,Hospital
avg_wait_time,2025-11-12 06:00:00,19.888840901139222,ED
bed_occupancy,2025-11-12 06:00:00,65.46968181895082,Hospital
resource_utilization,2025-11-12 06:00:00,64.72645987301635,Hospital
avg_wait_time,2025-11-12 07:00:00,14.158283121246749,ED
bed_occupancy,2025-11-12 07:00:00,93.50732187108842,Hospital
resource_utilization,2025-11-12 07:00:00,94.27336959409695,Hospital
avg_wait_time,2025-11-12 08:00:00,40.563845419032226,ED
bed_occupancy,2025-11-12 08:00:00,81.13097063702521,Hospital
resource_utilization,2025-11-12 08:00:00,74.54724598501244,Hospital
avg_wait_time,2025-11-12 09:00:00,42.92490170956953,ED
bed_occupancy,2025-11-12 09:00:00,81.54727734354901,Hospital
resource_utilization,2025-11-12 09:00:00,75.12240178103528,Hospital
avg_wait_time,2025-11-12 10:00:00,30.16918014969313,ED
bed_occupancy,2025-11-12 10:00:00,88.3248460724986,Hospital
resource_utilization,2025-11-12 10:00:00,75.21568047680753,Hospital
avg_wait_time,2025-11-12 11:00:00,31.82821592222291,ED
bed_occupancy,2025-11-12 11:00:00,89.03577888931193,Hospital
resource_utilization,2025-11-12 11:00:00,84.50045763173719,Hospital
avg_wait_time,2025-11-12 12:00:00,21.122198770520164,ED
bed_occupancy,2025-11-12 12:00:00,89.83335937042312,Hospital
resource_utilization,2025-11-12 12:00:00,45.511206753467924,Hospital
avg_wait_time,2025-11-12 13:00:00,40.047525289661145,ED
bed_occupancy,2025-11-12 13:00:00,71.60177231636767,Hospital
resource_utilization,2025-11-12 13:00:00,62.190317274800606,Hospital
avg_wait_time,2025-11-12 14:00:00,37.14441650630034,ED
bed_occupancy,2025-11-12 14:00:00,85.47948152364023,Hospital
resource_utilization,2025-11-12 14:00:00,56.974539441814244,Hospital
avg_wait_time,2025-11-12 15:00:00,14.015964444985611,ED
bed_occupancy,2025-11-12 15:00:00,98.30857794842359,Hospital
resource_utilization,2025-11-12 15:00:00,44.827699856737276,Hospital
avg_wait_time,2025-11-12 16:00:00,5.173404344373651,ED
bed_occupancy,2025-11-12 16:00:00,86.91739609145401,Hospital
resource_utilization,2025-11-12 16:00:00,73.79609348953852,Hospital
avg_wait_time,2025-11-12 17:00:00,34.50455851807135,ED
bed_occupancy,2025-11-12 17:00:00,89.26535326436188,Hospital
resource_utilization,2025-11-12 17:00:00,87.47925199963127,Hospital
avg_wait_time,2025-11-12 18:00:00,41.88434361633827,ED
bed_occupancy,2025-11-12 18:00:00,91.00098353031544,Hospital
resource_utilization,2025-11-12 18:00:00,52.77610408921532,Hospital
avg_wait_time,2025-11-12 19:00:00,23.539847131958965,ED
bed_occupancy,2025-11-12 19:00:00,85.66860962623556,Hospital
resource_utilization,2025-11-12 19:00:00,69.66508978646081,Hospital
avg_wait_time,2025-11-12 20:00:00,11.355900497384987,ED
bed_occupancy,2025-11-12 20:00:00,83.57092122496184,Hospital
resource_utilization,2025-11-12 20:00:00,88.75907571886866,Hospital
avg_wait_time,2025-11-12 21:00:00,21.740688930603906,ED
bed_occupancy,2025-11-12 21:00:00,86.75731297741613,Hospital
resource_utilization,2025-11-12 21:00:00,73.8763857451986,Hospital
avg_wait_time,2025-11-12 22:00:00,20.081725474180644,ED
bed_occupancy,2025-11-12 22:00:00,82.61084828588932,Hospital
resource_utilization,2025-11-12 22:00:00,51.561661864437355,Hospital
avg_wait_time,2025-11-12 23:00:00,26.8442903478075,ED
bed_occupancy,2025-11-12 23:00:00,91.95318361961517,Hospital
resource_utilization,2025-11-12 23:00:00,81.74212732751965,Hospital
avg_wait_time,2025-11-13 00:00:00,19.318181992282867,ED
bed_occupancy,2025-11-13 00:00:00,64.48340863626035,Hospital
resource_utilization,2025-11-13 00:00:00,83.99684107719263,Hospital
avg_wait_time,2025-11-13 01:00:00,15.601563579780912,ED
bed_occupancy,2025-11-13 01:00:00,62.121750688482706,Hospital
resource_utilization,2025-11-13 01:00:00,64.48561281188016,Hospital
avg_wait_time,2025-11-13 02:00:00,34.578821181861905,ED
bed_occupancy,2025-11-13 02:00:00,92.33973361956751,Hospital
resource_utilization,2025-11-13 02:00:00,94.02111820720637,Hospital
avg_wait_time,2025-11-13 03:00:00,12.576307361204941,ED
bed_occupancy,2025-11-13 03:00:00,71.75179401842131,Hospital
resource_utilization,2025-11-13 03:00:00,73.52197741637235,Hospital
avg_wait_time,2025-11-13 04:00:00,37.45374788464099,ED
bed_occupancy,2025-11-13 04:00:00,69.36300084969969,Hospital
resource_utilization,2025-11-13 04:00:00,62.54529477055675,Hospital
avg_wait_time,2025-11-13 05:00:00,21.336026738099683,ED
bed_occupancy,2025-11-13 05:00:00,90.91746932393285,Hospital
resource_utilization,2025-11-13 05:00:00,53.25127131234068,Hospital
avg_wait_time,2025-11-13 06:00:00,43.750342187837106,ED
bed_occupancy,2025-11-13 06:00:00,80.41855250541849,Hospital
resource_utilization,2025-11-13 06:00:00,55.513676013292276,Hospital
avg_wait_time,2025-11-13 07:00:00,16.371362388739463,ED
bed_occupancy,2025-11-13 07:00:00,60.73199946815882,Hospital
resource_utilization,2025-11-13 07:00:00,78.08369899159595,Hospital
avg_wait_time,2025-11-13 08:00:00,36.03793210702391,ED
bed_occupancy,2025-11-13 08:00:00,61.29711091694758,Hospital
resource_utilization,2025-11-13 08:00:00,72.22639965220243,Hospital
avg_wait_time,2025-11-13 09:00:00,36.266906710816876,ED
bed_occupancy,2025-11-13 09:00:00,75.04960193564008,Hospital
resource_utilization,2025-11-13 09:00:00,63.80078705700793,Hospital
avg_wait_time,2025-11-13 10:00:00,19.46499599648561,ED
bed_occupancy,2025-11-13 10:00:00,72.62602874265896,Hospital
resource_utilization,2025-11-13 10:00:00,67.01279480085564,Hospital
avg_wait_time,2025-11-13 11:00:00,11.644026405328983,ED
bed_occupancy,2025-11-13 11:00:00,77.62750724927436,Hospital
resource_utilization,2025-11-13 11:00:00,91.80038183497129,Hospital
avg_wait_time,2025-11-13 12:00:00,6.09608391188853,ED
bed_occupancy,2025-11-13 12:00:00,66.58973663412115,Hospital
resource_utilization,2025-11-13 12:00:00,82.77363148555315,Hospital
avg_wait_time,2025-11-13 13:00:00,10.282283596548467,ED
bed_occupancy,2025-11-13 13:00:00,70.85123598010982,Hospital
resource_utilization,2025-11-13 13:00:00,65.01614082243957,Hospital
avg_wait_time,2025-11-13 14:00:00,42.726490305644184,ED
bed_occupancy,2025-11-13 14:00:00,67.34004749214277,Hospital
resource_utilization,2025-11-13 14:00:00,90.7696526702374,Hospital
avg_wait_time,2025-11-13 15:00:00,33.7409805085141,ED
bed_occupancy,2025-11-13 15:00:00,86.84579646972688,Hospital
resource_utilization,2025-11-13 15:00:00,79.79483882275176,Hospital
avg_wait_time,2025-11-13 16:00:00,6.249864758773498,ED
bed_occupancy,2025-11-13 16:00:00,63.95601044278077,Hospital
resource_utilization,2025-11-13 16:00:00,58.416284080712565,Hospital
avg_wait_time,2025-11-13 17:00:00,7.958701325947106,ED
bed_occupancy,2025-11-13 17:00:00,99.50358837981688,Hospital
resource_utilization,2025-11-13 17:00:00,71.92267144798477,Hospital
avg_wait_time,2025-11-13 18:00:00,24.49374684571936,ED
bed_occupancy,2025-11-13 18:00:00,91.42047139596175,Hospital
resource_utilization,2025-11-13 18:00:00,93.73275637465943,Hospital
avg_wait_time,2025-11-13 19:00:00,43.205200003390985,ED
bed_occupancy,2025-11-13 19:00:00,91.72259539154784,Hospital
resource_utilization,2025-11-13 19:00:00,60.74458303284821,Hospital
avg_wait_time,2025-11-13 20:00:00,7.638379663116268,ED
bed_occupancy,2025-11-13 20:00:00,63.93507910916325,Hospital
resource_utilization,2025-11-13 20:00:00,40.06337874370231,Hospital
avg_wait_time,2025-11-13 21:00:00,5.076113728994236,ED
bed_occupancy,2025-11-13 21:00:00,97.45687195733848,Hospital
resource_utilization,2025-11-13 21:00:00,90.98593330641245,Hospital
avg_wait_time,2025-11-13 22:00:00,31.702151988192085,ED
bed_occupancy,2025-11-13 22:00:00,89.0670689688121,Hospital
resource_utilization,2025-11-13 22:00:00,68.22646511575208,Hospital
avg_wait_time,2025-11-13 23:00:00,14.513690243533297,ED
bed_occupancy,2025-11-13 23:00:00,96.57540196435237,Hospital
resource_utilization,2025-11-13 23:00:00,55.27303070476425,Hospital
avg_wait_time,2025-11-14 00:00:00,34.58685043798538,ED
bed_occupancy,2025-11-14 00:00:00,69.81742738895518,Hospital
resource_utilization,2025-11-14 00:00:00,87.85816299270479,Hospital
avg_wait_time,2025-11-14 01:00:00,31.04957737701924,ED
bed_occupancy,2025-11-14 01:00:00,85.70780082226928,Hospital
resource_utilization,2025-11-14 01:00:00,45.355198020805595,Hospital
avg_wait_time,2025-11-14 02:00:00,21.778756126768066,ED
bed_occupancy,2025-11-14 02:00:00,80.99634030198396,Hospital
resource_utilization,2025-11-14 02:00:00,56.171995862611055,Hospital
avg_wait_time,2025-11-14 03:00:00,40.238984473338625,ED
bed_occupancy,2025-11-14 03:00:00,93.50679766044887,Hospital
resource_utilization,2025-11-14 03:00:00,67.14915017883915,Hospital
avg_wait_time,2025-11-14 04:00:00,18.601248105764597,ED
bed_occupancy,2025-11-14 04:00:00,92.06169088022577,Hospital
resource_utilization,2025-11-14 04:00:00,50.82902961476813,Hospital
avg_wait_time,2025-11-14 05:00:00,7.860652603745311,ED
bed_occupancy,2025-11-14 05:00:00,61.82841944287791,Hospital
resource_utilization,2025-11-14 05:00:00,42.12757934939001,Hospital
avg_wait_time,2025-11-14 06:00:00,24.555546258807137,ED
bed_occupancy,2025-11-14 06:00:00,70.2125454439744,Hospital
resource_utilization,2025-11-14 06:00:00,77.97063167490711,Hospital
avg_wait_time,2025-11-14 07:00:00,31.155662961620216,ED
bed_occupancy,2025-11-14 07:00:00,81.680800285761,Hospital
resource_utilization,2025-11-14 07:00:00,59.40638047853796,Hospital
avg_wait_time,2025-11-14 08:00:00,39.01824979942921,ED
bed_occupancy,2025-11-14 08:00:00,88.38811013200214,Hospital
resource_utilization,2025-11-14 08:00:00,54.93393682174122,Hospital
avg_wait_time,2025-11-14 09:00:00,25.067546492540398,ED
bed_occupancy,2025-11-14 09:00:00,66.25084835297054,Hospital
resource_utilization,2025-11-14 09:00:00,58.08269601060489,Hospital
avg_wait_time,2025-11-14 10:00:00,44.885607314541346,ED
bed_occupancy,2025-11-14 10:00:00,68.95376881068783,Hospital
resource_utilization,2025-11-14 10:00:00,78.40662956449762,Hospital
avg_wait_time,2025-11-14 11:00:00,14.536745831081133,ED
bed_occupancy,2025-11-14 11:00:00,97.52538156023246,Hospital
resource_utilization,2025-11-14 11:00:00,57.05730647447021,Hospital
avg_wait_time,2025-11-14 12:00:00,18.86756298586837,ED
bed_occupancy,2025-11-14 12:00:00,83.75439092264749,Hospital
resource_utilization,2025-11-14 12:00:00,72.34614741132141,Hospital
avg_wait_time,2025-11-14 13:00:00,28.163055591887193,ED
bed_occupancy,2025-11-14 13:00:00,82.93018673624962,Hospital
resource_utilization,2025-11-14 13:00:00,57.17027915461148,Hospital
avg_wait_time,2025-11-14 14:00:00,22.37640893354167,ED
bed_occupancy,2025-11-14 14:00:00,83.73733772563908,Hospital
resource_utilization,2025-11-14 14:00:00,76.91985680169137,Hospital
avg_wait_time,2025-11-14 15:00:00,15.125160540943794,ED
bed_occupancy,2025-11-14 15:00:00,88.05900246811763,Hospital
resource_utilization,2025-11-14 15:00:00,90.78019375619502,Hospital
avg_wait_time,2025-11-14 16:00:00,35.317108133751546,ED
bed_occupancy,2025-11-14 16:00:00,63.36931211290887,Hospital
resource_utilization,2025-11-14 16:00:00,65.80194210495115,Hospital
avg_wait_time,2025-11-14 17:00:00,22.410553421562977,ED
bed_occupancy,2025-11-14 17:00:00,73.46013248073055,Hospital
resource_utilization,2025-11-14 17:00:00,67.02260769466518,Hospital
avg_wait_time,2025-11-14 18:00:00,22.58535093599515,ED
bed_occupancy,2025-11-14 18:00:00,60.246819086694416,Hospital
resource_utilization,2025-11-14 18:00:00,53.01054029506385,Hospital
avg_wait_time,2025-11-14 19:00:00,13.55128581129389,ED
bed_occupancy,2025-11-14 19:00:00,73.97038164971198,Hospital
resource_utilization,2025-11-14 19:00:00,49.595120794836774,Hospital
avg_wait_time,2025-11-14 20:00:00,7.712057748460479,ED
bed_occupancy,2025-11-14 20:00:00,67.86451420140051,Hospital
resource_utilization,2025-11-14 20:00:00,86.98027325307058,Hospital
avg_wait_time,2025-11-14 21:00:00,36.881573634581166,ED
bed_occupancy,2025-11-14 21:00:00,77.68384789702979,Hospital
resource_utilization,2025-11-14 21:00:00,88.27982686883199,Hospital
avg_wait_time,2025-11-14 22:00:00,14.306624724831355,ED
bed_occupancy,2025-11-14 22:00:00,83.36836564796927,Hospital
resource_utilization,2025-11-14 22:00:00,47.8608681550526,Hospital
avg_wait_time,2025-11-14 23:00:00,38.336027581975586,ED
bed_occupancy,2025-11-14 23:00:00,65.2232622996741,Hospital
resource_utilization,2025-11-14 23:00:00,41.752308743814375,Hospital
avg_wait_time,2025-11-15 00:00:00,15.93776920272781,ED
bed_occupancy,2025-11-15 00:00:00,96.03740357388094,Hospital
resource_utilization,2025-11-15 00:00:00,47.12013950595438,Hospital
avg_wait_time,2025-11-15 01:00:00,18.226810747821585,ED
bed_occupancy,2025-11-15 01:00:00,72.6565997204877,Hospital
resource_utilization,2025-11-15 01:00:00,84.090545075329,Hospital
avg_wait_time,2025-11-15 02:00:00,21.861015991200983,ED
bed_occupancy,2025-11-15 02:00:00,84.46268198458733,Hospital
resource_utilization,2025-11-15 02:00:00,62.24106532080815,Hospital
avg_wait_time,2025-11-15 03:00:00,27.058280605474756,ED
bed_occupancy,2025-11-15 03:00:00,62.49762896069727,Hospital
resource_utilization,2025-11-15 03:00:00,60.57161909770742,Hospital
avg_wait_time,2025-11-15 04:00:00,39.20423350959815,ED
bed_occupancy,2025-11-15 04:00:00,87.64270252728967,Hospital
resource_utilization,2025-11-15 04:00:00,94.0005974280641,Hospital
avg_wait_time,2025-11-15 05:00:00,36.51678149504573,ED
bed_occupancy,2025-11-15 05:00:00,78.06038859567096,Hospital
resource_utilization,2025-11-15 05:00:00,77.19542517347486,Hospital
avg_wait_time,2025-11-15 06:00:00,36.03654702753156,ED
bed_occupancy,2025-11-15 06:00:00,70.78734639685365,Hospital
resource_utilization,2025-11-15 06:00:00,43.30098398385714,Hospital
avg_wait_time,2025-11-15 07:00:00,21.233890719941932,ED
bed_occupancy,2025-11-15 07:00:00,65.7869264841006,Hospital
resource_utilization,2025-11-15 07:00:00,55.2482615869376,Hospital
avg_wait_time,2025-11-15 08:00:00,42.87381981896533,ED
bed_occupancy,2025-11-15 08:00:00,93.88330372890074,Hospital
resource_utilization,2025-11-15 08:00:00,72.58551090122131,Hospital
avg_wait_time,2025-11-15 09:00:00,21.050268261294892,ED
bed_occupancy,2025-11-15 09:00:00,70.57321440831406,Hospital
resource_utilization,2025-11-15 09:00:00,71.43020538452667,Hospital
avg_wait_time,2025-11-15 10:00:00,26.326409986915703,ED
bed_occupancy,2025-11-15 10:00:00,91.23123233526132,Hospital
resource_utilization,2025-11-15 10:00:00,91.04111038202315,Hospital
avg_wait_time,2025-11-15 11:00:00,18.15749205320076,ED
bed_occupancy,2025-11-15 11:00:00,68.25188443027176,Hospital
resource_utilization,2025-11-15 11:00:00,62.153978877013785,Hospital
avg_wait_time,2025-11-15 12:00:00,22.501652096528165,ED
bed_occupancy,2025-11-15 12:00:00,61.5948115793745,Hospital
resource_utilization,2025-11-15 12:00:00,87.39330927097375,Hospital
avg_wait_time,2025-11-15 13:00:00,44.823693546699815,ED
bed_occupancy,2025-11-15 13:00:00,96.9283477084609,Hospital
resource_utilization,2025-11-15 13:00:00,87.33657387178008,Hospital
avg_wait_time,2025-11-15 14:00:00,44.70401213838164,ED
bed_occupancy,2025-11-15 14:00:00,96.31233727899544,Hospital
resource_utilization,2025-11-15 14:00:00,77.86021914088245,Hospital
avg_wait_time,2025-11-15 15:00:00,11.670265950886707,ED
bed_occupancy,2025-11-15 15:00:00,66.25400493347472,Hospital
resource_utilization,2025-11-15 15:00:00,42.6828860609844,Hospital
avg_wait_time,2025-11-15 16:00:00,21.473234687504657,ED
bed_occupancy,2025-11-15 16:00:00,92.35296308360014,Hospital
resource_utilization,2025-11-15 16:00:00,66.96627696394008,Hospital
avg_wait_time,2025-11-15 17:00:00,19.652868228463298,ED
bed_occupancy,2025-11-15 17:00:00,64.36943456795,Hospital
resource_utilization,2025-11-15 17:00:00,42.84643199998235,Hospital
avg_wait_time,2025-11-15 18:00:00,20.967165736944292,ED
bed_occupancy,2025-11-15 18:00:00,63.9970152073493,Hospital
resource_utilization,2025-11-15 18:00:00,45.695149500589054,Hospital
avg_wait_time,2025-11-15 19:00:00,20.813936998825852,ED
bed_occupancy,2025-11-15 19:00:00,80.11373826010865,Hospital
resource_utilization,2025-11-15 19:00:00,50.26755878359833,Hospital
avg_wait_time,2025-11-15 20:00:00,32.38542745041748,ED
bed_occupancy,2025-11-15 20:00:00,76.74768002731244,Hospital
resource_utilization,2025-11-15 20:00:00,45.05573957562938,Hospital
avg_wait_time,2025-11-15 21:00:00,30.48136498250861,ED
bed_occupancy,2025-11-15 21:00:00,74.27779274780555,Hospital
resource_utilization,2025-11-15 21:00:00,42.877681239194644,Hospital
avg_wait_time,2025-11-15 22:00:00,42.91926318668769,ED
bed_occupancy,2025-11-15 22:00:00,82.8478782842268,Hospital
resource_utilization,2025-11-15 22:00:00,66.27462029668504,Hospital
avg_wait_time,2025-11-15 23:00:00,39.36549579415339,ED
bed_occupancy,2025-11-15 23:00:00,97.469617172549,Hospital
resource_utilization,2025-11-15 23:00:00,52.11770274914163,Hospital
avg_wait_time,2025-11-16 00:00:00,37.40578006700109,ED
bed_occupancy,2025-11-16 00:00:00,93.24319707097061,Hospital
resource_utilization,2025-11-16 00:00:00,42.992153707267946,Hospital
avg_wait_time,2025-11-16 01:00:00,33.47776460713091,ED
bed_occupancy,2025-11-16 01:00:00,62.51871527198308,Hospital
resource_utilization,2025-11-16 01:00:00,72.70702855144454,Hospital
avg_wait_time,2025-11-16 02:00:00,31.76947108554696,ED
bed_occupancy,2025-11-16 02:00:00,74.6823475340388,Hospital
resource_utilization,2025-11-16 02:00:00,88.44331231617119,Hospital
avg_wait_time,2025-11-16 03:00:00,37.02046827869889,ED
bed_occupancy,2025-11-16 03:00:00,97.03838854485585,Hospital
resource_utilization,2025-11-16 03:00:00,57.318923964704,Hospital
avg_wait_time,2025-11-16 04:00:00,5.861112002472435,ED
bed_occupancy,2025-11-16 04:00:00,92.45845067990209,Hospital
resource_utilization,2025-11-16 04:00:00,52.26375457980424,Hospital
avg_wait_time,2025-11-16 05:00:00,23.686241622682225,ED
bed_occupancy,2025-11-16 05:00:00,92.69284687456123,Hospital
resource_utilization,2025-11-16 05:00:00,51.88743482714099,Hospital
avg_wait_time,2025-11-16 06:00:00,17.47635051145295,ED
bed_occupancy,2025-11-16 06:00:00,77.56319945351157,Hospital
resource_utilization,2025-11-16 06:00:00,54.95036675909925,Hospital
avg_wait_time,2025-11-16 07:00:00,23.452856920113145,ED
bed_occupancy,2025-11-16 07:00:00,60.38386577978107,Hospital
resource_utilization,2025-11-16 07:00:00,51.670338501323,Hospital
avg_wait_time,2025-11-16 08:00:00,38.30213438651902,ED
bed_occupancy,2025-11-16 08:00:00,76.53927834052003,Hospital
resource_utilization,2025-11-16 08:00:00,75.00231722580668,Hospital
avg_wait_time,2025-11-16 09:00:00,14.291517105421697,ED
bed_occupancy,2025-11-16 09:00:00,85.99514657794664,Hospital
resource_utilization,2025-11-16 09:00:00,94.99856272054413,Hospital
avg_wait_time,2025-11-16 10:00:00,28.811505575872197,ED
bed_occupancy,2025-11-16 10:00:00,85.13434250567636,Hospital
resource_utilization,2025-11-16 10:00:00,46.133590345409864,Hospital
avg_wait_time,2025-11-16 11:00:00,21.135258866639383,ED
bed_occupancy,2025-11-16 11:00:00,94.42899593931558,Hospital
resource_utilization,2025-11-16 11:00:00,85.88495855120829,Hospital
avg_wait_time,2025-11-16 12:00:00,25.895964414452877,ED
bed_occupancy,2025-11-16 12:00:00,96.1381659895109,Hospital
resource_utilization,2025-11-16 12:00:00,47.86153600131449,Hospital
avg_wait_time,2025-11-16 13:00:00,31.32757618646101,ED
bed_occupancy,2025-11-16 13:00:00,69.95534306008781,Hospital
resource_utilization,2025-11-16 13:00:00,75.50587728078801,Hospital
avg_wait_time,2025-11-16 14:00:00,8.495987564207832,ED
bed_occupancy,2025-11-16 14:00:00,97.74436380419755,Hospital
resource_utilization,2025-11-16 14:00:00,83.2482621774771,Hospital
avg_wait_time,2025-11-16 15:00:00,13.038462595835632,ED
bed_occupancy,2025-11-16 15:00:00,85.4910627428815,Hospital
resource_utilization,2025-11-16 15:00:00,81.75301022956091,Hospital
avg_wait_time,2025-11-16 16:00:00,13.377832873174436,ED
bed_occupancy,2025-11-16 16:00:00,63.73321230855908,Hospital
resource_utilization,2025-11-16 16:00:00,59.34788713526349,Hospital
avg_wait_time,2025-11-16 17:00:00,10.43017364780928,ED
bed_occupancy,2025-11-16 17:00:00,82.62846820416917,Hospital
resource_utilization,2025-11-16 17:00:00,63.32632002653783,Hospital
avg_wait_time,2025-11-16 18:00:00,23.496973524036218,ED
bed_occupancy,2025-11-16 18:00:00,81.7145390936483,Hospital
resource_utilization,2025-11-16 18:00:00,94.01286802684308,Hospital
avg_wait_time,2025-11-16 19:00:00,36.70542665604436,ED
bed_occupancy,2025-11-16 19:00:00,85.17885979931403,Hospital
resource_utilization,2025-11-16 19:00:00,60.00380879636349,Hospital
avg_wait_time,2025-11-16 20:00:00,6.082774125478605,ED
bed_occupancy,2025-11-16 20:00:00,64.66110442875006,Hospital
resource_utilization,2025-11-16 20:00:00,80.1976987796661,Hospital
avg_wait_time,2025-11-16 21:00:00,19.768157129676915,ED
bed_occupancy,2025-11-16 21:00:00,73.3774974337058,Hospital
resource_utilization,2025-11-16 21:00:00,88.89380972249671,Hospital
avg_wait_time,2025-11-16 22:00:00,24.380355620550844,ED
bed_occupancy,2025-11-16 22:00:00,95.98308229652439,Hospital
resource_utilization,2025-11-16 22:00:00,88.76511807212098,Hospital
avg_wait_time,2025-11-16 23:00:00,8.207251668582177,ED
bed_occupancy,2025-11-16 23:00:00,97.81451913734142,Hospital
resource_utilization,2025-11-16 23:00:00,44.23251859841566,Hospital
avg_wait_time,2025-11-17 00:00:00,43.54024460988851,ED
bed_occupancy,2025-11-17 00:00:00,78.10459670397562,Hospital
resource_utilization,2025-11-17 00:00:00,81.84733716650169,Hospital
avg_wait_time,2025-11-17 01:00:00,33.245774687594135,ED
bed_occupancy,2025-11-17 01:00:00,80.73979897298113,Hospital
resource_utilization,2025-11-17 01:00:00,74.07001503596038,Hospital
avg_wait_time,2025-11-17 02:00:00,42.99672725996779,ED
bed_occupancy,2025-11-17 02:00:00,97.09405962652961,Hospital
resource_utilization,2025-11-17 02:00:00,75.98793276424978,Hospital
avg_wait_time,2025-11-17 03:00:00,31.308747157381006,ED
bed_occupancy,2025-11-17 03:00:00,69.87754773567352,Hospital
resource_utilization,2025-11-17 03:00:00,85.5742922094968,Hospital
avg_wait_time,2025-11-17 04:00:00,30.304133320083075,ED
bed_occupancy,2025-11-17 04:00:00,93.04995167993721,Hospital
resource_utilization,2025-11-17 04:00:00,76.18188256583872,Hospital
avg_wait_time,2025-11-17 05:00:00,16.9728010412646,ED
bed_occupancy,2025-11-17 05:00:00,67.57925610923253,Hospital
resource_utilization,2025-11-17 05:00:00,44.23312143227355,Hospital
avg_wait_time,2025-11-17 06:00:00,28.439797290405075,ED
bed_occupancy,2025-11-17 06:00:00,71.3620543003494,Hospital
resource_utilization,2025-11-17 06:00:00,74.67802330249478,Hospital
avg_wait_time,2025-11-17 07:00:00,7.346257795350861,ED
bed_occupancy,2025-11-17 07:00:00,75.02652260022508,Hospital
resource_utilization,2025-11-17 07:00:00,54.330426845337655,Hospital
avg_wait_time,2025-11-17 08:00:00,19.81336312004452,ED
bed_occupancy,2025-11-17 08:00:00,62.171337190263486,Hospital
resource_utilization,2025-11-17 08:00:00,79.82997803583956,Hospital
avg_wait_time,2025-11-17 09:00:00,9.66789332571893,ED
bed_occupancy,2025-11-17 09:00:00,60.57610505392613,Hospital
resource_utilization,2025-11-17 09:00:00,92.04590057641335,Hospital
avg_wait_time,2025-11-17 10:00:00,12.715055294601996,ED
bed_occupancy,2025-11-17 10:00:00,93.12245193781843,Hospital
resource_utilization,2025-11-17 10:00:00,93.04588298664184,Hospital
avg_wait_time,2025-11-17 11:00:00,26.364847982750476,ED
bed_occupancy,2025-11-17 11:00:00,81.04472640190185,Hospital
resource_utilization,2025-11-17 11:00:00,60.20794847408753,Hospital
avg_wait_time,2025-11-17 12:00:00,22.023794591015793,ED
bed_occupancy,2025-11-17 12:00:00,79.2830158781336,Hospital
resource_utilization,2025-11-17 12:00:00,48.36519220463461,Hospital
avg_wait_time,2025-11-17 13:00:00,19.589468957614365,ED
bed_occupancy,2025-11-17 13:00:00,92.64433770437782,Hospital
resource_utilization,2025-11-17 13:00:00,50.031896576980984,Hospital
avg_wait_time,2025-11-17 14:00:00,34.19412987816462,ED
bed_occupancy,2025-11-17 14:00:00,86.06346401072763,Hospital
resource_utilization,2025-11-17 14:00:00,43.15137764054625,Hospital
avg_wait_time,2025-11-17 15:00:00,5.8971547375072175,ED
bed_occupancy,2025-11-17 15:00:00,74.10113850313397,Hospital
resource_utilization,2025-11-17 15:00:00,78.06936524225125,Hospital
avg_wait_time,2025-11-17 16:00:00,18.216717094426464,ED
bed_occupancy,2025-11-17 16:00:00,86.70933202401976,Hospital
resource_utilization,2025-11-17 16:00:00,76.60019786653899,Hospital
avg_wait_time,2025-11-17 17:00:00,37.262184904970745,ED
bed_occupancy,2025-11-17 17:00:00,63.97942458815379,Hospital
resource_utilization,2025-11-17 17:00:00,71.7420890153105,Hospital
avg_wait_time,2025-11-17 18:00:00,7.49988478293258,ED
bed_occupancy,2025-11-17 18:00:00,67.03788561093351,Hospital
resource_utilization,2025-11-17 18:00:00,57.90254965708784,Hospital
avg_wait_time,2025-11-17 19:00:00,33.295569617178636,ED
bed_occupancy,2025-11-17 19:00:00,98.95511900016325,Hospital
resource_utilization,2025-11-17 19:00:00,58.838644791225086,Hospital
avg_wait_time,2025-11-17 20:00:00,25.84577941610737,ED
bed_occupancy,2025-11-17 20:00:00,70.36222381689741,Hospital
resource_utilization,2025-11-17 20:00:00,77.15192913352881,Hospital
avg_wait_time,2025-11-17 21:00:00,19.663434718017857,ED
bed_occupancy,2025-11-17 21:00:00,79.2638469375311,Hospital
resource_utilization,2025-11-17 21:00:00,71.22970817178458,Hospital
avg_wait_time,2025-11-17 22:00:00,32.449693196291065,ED
bed_occupancy,2025-11-17 22:00:00,62.40206645159013,Hospital
resource_utilization,2025-11-17 22:00:00,70.51956015826265,Hospital
avg_wait_time,2025-11-17 23:00:00,22.24656391257744,ED
bed_occupancy,2025-11-17 23:00:00,65.35060345918669,Hospital
resource_utilization,2025-11-17 23:00:00,51.442016758224895,Hospital
avg_wait_time,2025-11-18 00:00:00,40.3556036440055,ED
bed_occupancy,2025-11-18 00:00:00,94.87104036400947,Hospital
resource_utilization,2025-11-18 00:00:00,41.833163993302115,Hospital
avg_wait_time,2025-11-18 01:00:00,32.57605964945009,ED
bed_occupancy,2025-11-18 01:00:00,82.16749252549417,Hospital
resource_utilization,2025-11-18 01:00:00,91.68987137309867,Hospital
avg_wait_time,2025-11-18 02:00:00,41.32022844089663,ED
bed_occupancy,2025-11-18 02:00:00,83.18247651409447,Hospital
resource_utilization,2025-11-18 02:00:00,47.6425206725177,Hospital
avg_wait_time,2025-11-18 03:00:00,23.392600946772006,ED
bed_occupancy,2025-11-18 03:00:00,89.00657467716023,Hospital
resource_utilization,2025-11-18 03:00:00,92.34551492994294,Hospital
avg_wait_time,2025-11-18 04:00:00,19.553176230103304,ED
bed_occupancy,2025-11-18 04:00:00,91.38685903814208,Hospital
resource_utilization,2025-11-18 04:00:00,77.5837414304948,Hospital
avg_wait_time,2025-11-18 05:00:00,8.131711085690485,ED
bed_occupancy,2025-11-18 05:00:00,82.31907401145152,Hospital
resource_utilization,2025-11-18 05:00:00,50.092985844666224,Hospital
avg_wait_time,2025-11-18 06:00:00,32.34197168711058,ED
bed_occupancy,2025-11-18 06:00:00,84.40339387762558,Hospital
resource_utilization,2025-11-18 06:00:00,93.51764503986082,Hospital
avg_wait_time,2025-11-18 07:00:00,42.41530660499238,ED
bed_occupancy,2025-11-18 07:00:00,60.37491334395525,Hospital
resource_utilization,2025-11-18 07:00:00,44.40161865944348,Hospital
avg_wait_time,2025-11-18 08:00:00,35.76537245718245,ED
bed_occupancy,2025-11-18 08:00:00,87.42572291904307,Hospital
resource_utilization,2025-11-18 08:00:00,84.05200791842903,Hospital
avg_wait_time,2025-11-18 09:00:00,15.672596906732945,ED
bed_occupancy,2025-11-18 09:00:00,93.97291075049907,Hospital
resource_utilization,2025-11-18 09:00:00,64.33307095934748,Hospital
avg_wait_time,2025-11-18 10:00:00,15.476339386977669,ED
bed_occupancy,2025-11-18 10:00:00,60.424309903395695,Hospital
resource_utilization,2025-11-18 10:00:00,87.92502191507765,Hospital
avg_wait_time,2025-11-18 11:00:00,26.413753969606898,ED
bed_occupancy,2025-11-18 11:00:00,99.0152833500797,Hospital
resource_utilization,2025-11-18 11:00:00,79.30747642619927,Hospital
avg_wait_time,2025-11-18 12:00:00,8.216685739591142,ED
bed_occupancy,2025-11-18 12:00:00,83.5276474560857,Hospital
resource_utilization,2025-11-18 12:00:00,40.941849690284116,Hospital
avg_wait_time,2025-11-18 13:00:00,27.311274168517286,ED
bed_occupancy,2025-11-18 13:00:00,74.00806652396324,Hospital
resource_utilization,2025-11-18 13:00:00,75.3812709095321,Hospital
avg_wait_time,2025-11-18 14:00:00,26.662968249850827,ED
bed_occupancy,2025-11-18 14:00:00,70.45401293657953,Hospital
resource_utilization,2025-11-18 14:00:00,48.92928350082032,Hospital
avg_wait_time,2025-11-18 15:00:00,21.188459453669985,ED
bed_occupancy,2025-11-18 15:00:00,99.47345259398418,Hospital
resource_utilization,2025-11-18 15:00:00,63.96342523020994,Hospital
avg_wait_time,2025-11-18 16:00:00,34.951485512891665,ED
bed_occupancy,2025-11-18 16:00:00,62.27894102421483,Hospital
resource_utilization,2025-11-18 16:00:00,60.8376170429572,Hospital
avg_wait_time,2025-11-18 17:00:00,28.212921487960152,ED
bed_occupancy,2025-11-18 17:00:00,90.04786053313929,Hospital
resource_utilization,2025-11-18 17:00:00,69.06110115243831,Hospital
avg_wait_time,2025-11-18 18:00:00,25.611821832031254,ED
bed_occupancy,2025-11-18 18:00:00,90.55627650388676,Hospital
resource_utilization,2025-11-18 18:00:00,57.230824452539515,Hospital
avg_wait_time,2025-11-18 19:00:00,8.624420834855702,ED
bed_occupancy,2025-11-18 19:00:00,73.88601884069622,Hospital
resource_utilization,2025-11-18 19:00:00,48.74479294971891,Hospital
avg_wait_time,2025-11-18 20:00:00,43.637768165337334,ED
bed_occupancy,2025-11-18 20:00:00,83.10046189906767,Hospital
resource_utilization,2025-11-18 20:00:00,64.56302372301903,Hospital
avg_wait_time,2025-11-18 21:00:00,41.48207512626269,ED
bed_occupancy,2025-11-18 21:00:00,96.01445549468413,Hospital
resource_utilization,2025-11-18 21:00:00,62.86335034908153,Hospital
avg_wait_time,2025-11-18 22:00:00,39.98909448999241,ED
bed_occupancy,2025-11-18 22:00:00,62.56103732572049,Hospital
resource_utilization,2025-11-18 22:00:00,88.71455299329008,Hospital
avg_wait_time,2025-11-18 23:00:00,17.423341142217268,ED
bed_occupancy,2025-11-18 23:00:00,82.60489137362485,Hospital
resource_utilization,2025-11-18 23:00:00,54.832872079981506,Hospital
avg_wait_time,2025-11-19 00:00:00,44.391982286773576,ED
bed_occupancy,2025-11-19 00:00:00,62.87119933345121,Hospital
resource_utilization,2025-11-19 00:00:00,64.58254077293581,Hospital
avg_wait_time,2025-11-19 01:00:00,29.83952619334245,ED
bed_occupancy,2025-11-19 01:00:00,84.62449009349162,Hospital
resource_utilization,2025-11-19 01:00:00,80.63171143706641,Hospital
avg_wait_time,2025-11-19 02:00:00,33.976613052881724,ED
bed_occupancy,2025-11-19 02:00:00,91.72570820801214,Hospital
resource_utilization,2025-11-19 02:00:00,52.88580752193304,Hospital
avg_wait_time,2025-11-19 03:00:00,19.820259736075784,ED
bed_occupancy,2025-11-19 03:00:00,75.28132463921091,Hospital
resource_utilization,2025-11-19 03:00:00,92.57118135005781,Hospital
avg_wait_time,2025-11-19 04:00:00,21.37247428340833,ED
bed_occupancy,2025-11-19 04:00:00,68.87476842818708,Hospital
resource_utilization,2025-11-19 04:00:00,74.7789434515463,Hospital
avg_wait_time,2025-11-19 05:00:00,22.090676593009132,ED
bed_occupancy,2025-11-19 05:00:00,70.00320252462993,Hospital
resource_utilization,2025-11-19 05:00:00,79.33245109520107,Hospital
avg_wait_time,2025-11-19 06:00:00,12.677011465909139,ED
bed_occupancy,2025-11-19 06:00:00,85.33416162637394,Hospital
resource_utilization,2025-11-19 06:00:00,63.67918903553924,Hospital
avg_wait_time,2025-11-19 07:00:00,17.766686573226885,ED
bed_occupancy,2025-11-19 07:00:00,97.83929069949204,Hospital
resource_utilization,2025-11-19 07:00:00,57.842412929812895,Hospital
avg_wait_time,2025-11-19 08:00:00,18.90029496599873,ED
bed_occupancy,2025-11-19 08:00:00,94.82553456532685,Hospital
resource_utilization,2025-11-19 08:00:00,47.097384958152126,Hospital
avg_wait_time,2025-11-19 09:00:00,9.322749985842442,ED
bed_occupancy,2025-11-19 09:00:00,71.3083113633801,Hospital
resource_utilization,2025-11-19 09:00:00,72.53997578009529,Hospital
avg_wait_time,2025-11-19 10:00:00,20.37200640440552,ED
bed_occupancy,2025-11-19 10:00:00,84.342179233427,Hospital
resource_utilization,2025-11-19 10:00:00,48.786284707443905,Hospital
avg_wait_time,2025-11-19 11:00:00,15.458033950693881,ED
bed_occupancy,2025-11-19 11:00:00,82.60649335249886,Hospital
resource_utilization,2025-11-19 11:00:00,51.94320612423028,Hospital
avg_wait_time,2025-11-19 12:00:00,21.912185219617797,ED
bed_occupancy,2025-11-19 12:00:00,82.90591507966758,Hospital
resource_utilization,2025-11-19 12:00:00,93.5507996254503,Hospital
avg_wait_time,2025-11-19 13:00:00,8.195466315103728,ED
bed_occupancy,2025-11-19 13:00:00,78.4165591428362,Hospital
resource_utilization,2025-11-19 13:00:00,61.7949028408172,Hospital
avg_wait_time,2025-11-19 14:00:00,37.969649978047116,ED
bed_occupancy,2025-11-19 14:00:00,96.01188476113737,Hospital
resource_utilization,2025-11-19 14:00:00,89.88572426922508,Hospital
avg_wait_time,2025-11-19 15:00:00,20.00557252166375,ED
bed_occupancy,2025-11-19 15:00:00,72.18620587581928,Hospital
resource_utilization,2025-11-19 15:00:00,64.70254877502965,Hospital
avg_wait_time,2025-11-19 16:00:00,18.75945223887212,ED
bed_occupancy,2025-11-19 16:00:00,88.75403922272774,Hospital
resource_utilization,2025-11-19 16:00:00,51.74640767462704,Hospital
avg_wait_time,2025-11-19 17:00:00,31.34736336295525,ED
bed_occupancy,2025-11-19 17:00:00,97.07950132418003,Hospital
resource_utilization,2025-11-19 17:00:00,55.395246333286046,Hospital
avg_wait_time,2025-11-19 18:00:00,32.07562466355297,ED
bed_occupancy,2025-11-19 18:00:00,65.74244486229513,Hospital
resource_utilization,2025-11-19 18:00:00,46.67611681534925,Hospital
avg_wait_time,2025-11-19 19:00:00,9.62577912259464,ED
bed_occupancy,2025-11-19 19:00:00,65.54112679381396,Hospital
resource_utilization,2025-11-19 19:00:00,51.88906786701931,Hospital
avg_wait_time,2025-11-19 20:00:00,27.513219824071772,ED
bed_occupancy,2025-11-19 20:00:00,90.6794259446215,Hospital
resource_utilization,2025-11-19 20:00:00,46.97713630410037,Hospital
avg_wait_time,2025-11-19 21:00:00,39.80059762362899,ED
bed_occupancy,2025-11-19 21:00:00,93.70865137720904,Hospital
resource_utilization,2025-11-19 21:00:00,80.00634145765903,Hospital
avg_wait_time,2025-11-19 22:00:00,22.038631978458923,ED
bed_occupancy,2025-11-19 22:00:00,60.06228939302103,Hospital
resource_utilization,2025-11-19 22:00:00,80.41207177151632,Hospital
avg_wait_time,2025-11-19 23:00:00,40.15944578705758,ED
bed_occupancy,2025-11-19 23:00:00,73.41145504687448,Hospital
resource_utilization,2025-11-19 23:00:00,79.48931586716154,Hospital
