,arrivals,avg_acuity,avg_proc_time,tasks_created,staff_on_duty,hour_of_day,day_of_week,is_weekend,arrivals_roll_1h,arrivals_roll_3h,arrivals_roll_6h,arrivals_roll_12h,arrivals_roll_24h,tasks_roll_1h,tasks_roll_3h,tasks_roll_6h,tasks_roll_12h,tasks_roll_24h
54,-0.0212786,-0.5736117,-0.017084565,-0.8016578,0.0,0.4286955,-0.049611975,-0.0069885156,0.033090714,-0.17580612,-0.09491365,0.1603566,0.043071445,-0.5214034,-0.25663424,-0.20836917,-0.15751591,-0.38937324
52,-0.18354408,0.07884088,0.24755673,0.19842815,0.0,0.7610061,0.043751318,0.003725348,-0.04069541,0.013019936,0.13530351,0.70509005,0.7826274,0.09999174,0.14151868,-0.043192543,0.2281217,0.21901469
275,0.45365685,0.5064957,0.25000605,0.054623466,0.0,-0.823547,-0.05811141,0.0037702757,0.07574698,0.12610495,0.301136,0.15575309,-0.02689036,0.066850275,0.04478948,-0.26017937,0.289867,0.360015
271,0.2929356,-0.39229348,0.17252591,0.16442958,0.0,-0.3039953,-0.056907013,0.00063541014,0.03461697,0.12785192,-0.009379462,0.26048967,-0.041799203,0.081105,-0.036772013,-0.22713539,0.16320747,-0.039525058
199,0.3259401,0.67122525,0.37908348,0.6468368,0.0,0.550417,0.034855105,-0.004951229,0.04022758,0.06536946,-0.0005234182,0.6128768,0.29044282,0.05861276,0.10012375,0.20583513,0.07151627,0.34221157
235,0.37536284,0.40928438,0.0290353,0.030145764,0.0,-0.2535108,0.037036814,-0.0052766204,0.07356585,0.2247523,-0.0672514,0.11025537,-0.075768724,0.05989153,-0.26450577,-0.031610906,-0.12957639,-0.13097005
15,-0.39789906,0.117558554,0.00023923762,0.012755265,0.0,-0.1884705,0.04997329,0.010776765,-0.09259232,0.27288902,0.18183829,0.23476996,-0.1863767,0.002197657,0.07664313,0.22041254,0.14356183,-0.06765358
317,0.44738364,0.35285214,0.18222028,0.12662055,0.0,0.34950244,-0.0154006155,0.004533772,0.09074027,0.10223395,0.14516962,0.12701686,0.03634779,0.044663645,-0.1011664,-0.16291541,-0.30106738,-0.06592212
63,-0.7209423,-0.14161147,-0.4464696,-0.014469826,0.0,-0.4959375,-0.105073564,-0.0063676015,-0.08760362,-0.3905144,-0.2786796,0.06123664,-0.35569054,-0.017061561,-0.16787112,-0.20268223,-0.14026499,-0.09904355
56,0.39604485,0.52163315,0.2227444,0.28266245,0.0,-0.52475375,0.053258367,-0.0033411249,0.06994091,0.12515473,0.185456,0.33367828,0.17979686,0.08507995,0.111085206,0.10151857,0.37377635,-0.12342148
74,-0.17183773,0.46360973,0.45530757,0.14516775,0.0,0.54312783,-0.085926384,-0.0005036009,0.030875579,0.039820522,-0.049460772,0.29724365,-0.078795046,-0.011286624,0.8151272,0.022953011,0.19694182,-0.22092189
76,-0.37934127,-0.33885896,-0.2796175,-0.25078988,0.0,0.36399552,0.043557566,-0.0043589156,0.039182603,-0.11743733,0.038645413,-0.46757618,-0.039103735,-0.09882766,-0.079916395,-0.27114406,-0.10430307,-0.6631557
66,0.47996667,0.12018971,0.375917,0.12899148,0.0,-0.0316532,0.08926438,-0.0009846343,0.075910546,0.2724266,-0.064430036,0.38569352,-0.1866455,0.06135544,0.032277368,0.0062938943,0.27363646,0.3716568
213,0.12400363,-0.1730959,0.17491664,-0.0050998367,0.0,-0.087986074,-0.00527181,-0.0018452667,0.011618838,0.10364419,-0.21449427,0.3631287,-0.016892245,0.09792891,0.48545668,0.081431724,-0.1697473,-0.37658575
106,0.6357199,0.008888996,0.52520007,0.2894972,0.0,-0.26837143,0.01482455,0.002997039,0.027487291,0.06471054,0.24527825,0.2233612,0.03937398,0.06687836,0.23675592,0.3789159,0.4229944,0.4753362
132,0.20771968,-0.3527659,0.08899218,0.16449136,0.0,-0.50179696,-0.042764656,-0.0011996025,0.03470907,-0.097221345,-0.12203161,0.08300864,-0.02838887,0.08217236,0.04923687,-0.10133462,0.14871508,-0.22054888
26,0.43614277,0.35029215,0.24048626,0.07891881,0.0,0.54710287,0.08400702,0.014232238,0.06138493,-0.027493235,0.21564667,-0.3178687,0.17798947,-0.0010512297,0.2153896,0.21096855,0.5297451,0.5743764
335,-0.07233609,0.16406421,0.15030003,-0.2397618,0.0,0.31445953,0.044575408,0.0007289659,0.008600722,0.25182316,0.024642853,0.09954688,-0.06299592,-0.11526443,-0.43775147,0.086684585,0.25955603,-0.57256246
232,-0.6022574,-0.373726,-0.08458117,0.018126,0.0,-0.19460489,-0.066269726,-0.009289796,-0.034785498,-0.08137579,0.005284268,0.106153205,-0.11816105,0.07302928,-0.0138229905,0.027099583,0.003914223,-0.26407927
37,0.059658397,0.16496137,-0.32908952,0.1198696,0.0,-0.3378808,-0.0010539134,-0.0015347318,-0.001707935,0.09845074,0.03789821,0.36928582,0.015756836,-0.005094314,0.57372737,0.1753323,-0.14495157,-0.40422973
216,0.51568586,0.19994865,0.14867198,0.098638214,0.0,0.4461571,0.007954849,-0.008244486,0.066868044,-0.25760219,-0.1667991,0.24261796,0.09198884,0.064115755,-0.112393394,0.054605164,0.29877102,-0.29981458
223,-0.13294259,-0.12574127,-0.5978462,-0.003004833,0.0,-0.24317949,-0.041349202,-0.0035451108,0.029428607,-0.065057054,-0.064728364,-0.48205093,0.014633091,-0.03886444,0.35967672,-0.19750722,-0.5103721,-0.50669587
320,-0.063738875,0.37403885,0.059180453,-0.30059358,0.0,-0.04283939,0.04357607,0.0010696918,0.013087547,0.028174495,0.069436505,0.036131628,0.01217099,-0.08062228,-0.3492291,0.12230428,0.2716843,-0.409571
196,-0.48639223,0.7083688,0.058361396,-0.036661055,0.0,0.4514958,0.090377234,0.0023243364,-0.07305081,0.13940081,0.09589739,0.32059476,0.13742234,-0.040477335,-0.11742564,-0.1524156,-0.13348871,0.4257999
279,0.006815626,0.16023923,0.30578446,-0.2853713,0.0,-0.14897507,-0.06611638,0.0038929814,-0.0066297487,0.13175543,0.052579943,0.017800715,-0.2055092,-0.25431216,-0.12061414,0.0853537,0.16511795,0.086879976
306,0.35246614,-0.029107431,0.089500174,0.06380075,0.0,0.05927852,0.004194663,0.0013413497,0.06596238,-0.11556378,-0.15726477,-0.18122509,-0.025025873,0.033554964,-0.1299216,-0.19931893,0.36569014,0.15616076
269,0.4782067,0.07622579,0.3813546,0.14427525,0.0,1.1342223,-0.013679085,0.0029514239,0.07481041,0.15477096,0.005188498,0.4654145,0.24304615,0.17883506,0.8858745,0.24191648,-0.05600021,-0.48439696
78,0.15245222,0.35210112,0.13938512,-0.042601127,0.0,0.41632384,0.067879364,0.0011628714,0.02133649,0.0062536714,-0.04715191,-0.6784488,-0.00548024,-0.0988927,0.53205156,-0.32171604,-0.6166505,-0.4874747
291,-0.5406365,-0.35017332,-0.16079862,-0.071812525,0.0,0.2832915,-0.04559532,0.011883896,-0.034894016,0.006528172,-0.22455072,-0.5204104,0.0429318,-0.01178263,-0.1679068,0.055770695,0.063899085,0.38363656
255,-0.5836116,0.36695042,0.22862141,0.1470805,0.0,-0.06673319,0.047697004,0.015545609,-0.07434724,-0.060254183,0.33215904,0.07208268,0.14638108,0.034209322,-0.024752017,0.06315752,0.10242679,0.643959
102,0.07317836,-0.73352236,-0.6901148,0.019252598,0.0,-0.108185664,-0.056167398,-0.007519463,0.017225645,-0.040668234,0.095131285,0.08160822,-0.24426216,0.06230822,-0.2543433,-0.0703789,-0.021570535,0.26929238
108,0.14223166,-0.40747675,0.00070471276,0.061865713,0.0,-0.4681413,-0.021544995,0.0031812647,0.035959926,-0.09137875,-0.15480852,0.18739526,0.025012791,0.034355007,-0.24177554,0.032502428,0.3120914,-0.05947817
65,-0.7912398,-0.6320521,0.14413235,0.12461912,0.0,-0.13873243,-0.07093482,-0.014384413,-0.11915902,0.04378849,-0.12133106,0.11336614,-0.2400557,0.046737105,-0.19480243,-0.03289049,-0.00391637,0.27763215
221,0.5046526,-0.04971051,0.6202242,0.30923444,0.0,0.96432227,0.0643983,-0.001428998,0.081569806,0.11991253,0.06919474,-0.01582314,0.34353995,0.19710764,1.0811605,0.2501291,0.15831108,-0.30657056
299,0.1755552,-0.15376234,-0.32165056,-0.040607784,0.0,-0.16527918,0.007249835,-0.00045565452,0.04269425,0.048488192,-0.063894786,0.14270617,0.25520027,0.030305633,-0.1872595,-0.09225448,0.1374388,0.41366187
171,-0.6164355,0.5079363,0.06284202,-0.04580067,0.0,0.40315107,0.05775434,0.0008955848,-0.07227607,-0.009329523,-0.03894241,-0.16419059,0.15554063,-0.013773203,-0.13206059,-0.055076584,0.14422812,0.20681922
60,0.45202455,0.026672747,0.48696265,0.18091455,0.0,-0.35622478,0.11295894,0.009257802,0.066997446,0.4212866,0.47037184,0.46812347,0.23095894,0.0813819,0.1385674,0.20193262,0.43278,-0.03432318
332,0.12956917,0.035431318,0.1835463,-0.31752598,0.0,0.03556241,-0.0047628973,-0.0067837453,-0.038494103,0.2547463,0.1339552,0.17775549,-0.09227001,-0.2137374,-0.43047556,0.27115023,0.16111933,-0.46991926
166,-0.3035813,0.33248225,1.0566593,0.25677612,0.0,0.3767363,0.038780697,-3.8911123e-05,-0.054733753,-0.13421257,-0.10565855,-0.2262456,0.15236497,0.0033697546,0.016862627,-0.038417257,0.3127425,0.7069199
81,-0.508262,-0.584437,-0.42383736,0.050643645,0.0,-0.68803895,-0.07027878,0.00075266504,-0.0052774167,0.03679694,0.0011384257,0.33491156,-0.21154132,0.04329567,-0.034312014,-0.40630424,-0.48634914,-0.6576294
126,0.40796447,-0.1345888,0.23465945,0.2416591,0.0,0.31149423,-0.06407741,0.0037123496,0.0446511,-0.16364242,0.12917678,-0.15892948,0.09107402,0.06750557,0.08733686,-0.16159742,0.0108126355,0.44319534
59,-0.19680825,-0.49119103,-0.06016591,-0.23627797,0.0,-0.40847358,0.038579304,0.0015283446,-0.07130645,0.04686399,0.060523923,0.066166796,0.12410718,-0.062332932,-0.15167229,-0.26444632,-0.081444226,-0.9234613
55,0.037542485,-0.6061554,0.018515164,0.075526625,0.0,-0.6145826,-0.014066389,-0.018993618,0.010801753,-0.2826064,-0.26894245,0.23703797,-0.113441385,0.061154243,0.022032427,-0.27792484,-0.40306383,-0.47197115
268,-0.07990695,-0.5529781,0.3879739,0.102335535,0.0,0.9541512,-0.06600834,5.393253e-05,0.024239948,0.11452169,-0.028349325,0.59643173,0.1149932,0.03708941,-0.102419205,0.22606975,-0.15223509,-0.32581228
103,0.1920125,-0.13318886,-0.003086098,-0.17094614,0.0,-0.36347848,-0.069963105,-0.004909313,0.0053482284,-0.009040731,0.13200374,0.17555256,-0.09525589,-0.014578015,-0.5302417,0.044046428,0.046925005,0.18992351
134,0.30589473,0.11844128,0.2415779,0.08971915,0.0,-0.51764745,-0.035662927,0.0012708087,0.029356955,0.120688625,-0.10329053,0.19549005,-0.013021651,0.10295675,0.065727495,0.20808591,-0.14126298,-0.27712443
144,0.55186516,1.0959995,-0.062308945,0.02037104,0.0,0.3782613,-0.0032378356,0.0023265015,0.03685218,-0.06998923,0.004446819,-0.29341334,0.07933379,0.020068306,0.058643542,-0.18633182,0.22283697,0.5348291
283,0.38423154,-0.026768697,0.12642321,0.10368217,0.0,-0.23278965,-0.029300809,0.0028189775,-0.013498091,0.087160744,0.09577794,0.2818148,-0.29770938,0.035647176,0.014824933,0.11810049,0.38389972,0.18385488
21,0.4288768,0.8615597,0.32458347,0.2106464,0.0,0.32771754,0.08152525,0.011813079,0.06725436,0.106389396,0.2758467,0.26028028,-0.08118379,0.043819122,0.0037885208,0.06579135,-0.14016211,0.5423939
249,0.010829035,-0.04971341,0.15069121,-0.6265077,0.0,-0.17315859,-0.014742799,0.007317829,0.06954549,-0.013284978,0.098834656,0.3689146,0.22434582,-0.20310034,0.17999126,0.48358396,0.3067717,0.5704282
101,0.4596705,-0.06362837,-0.44879967,-0.047426313,0.0,0.21584372,0.0853581,-0.0014326739,0.011865951,0.058961503,-0.055717465,0.012910678,-0.07212183,-0.009574503,-0.11949082,0.21442881,0.14034717,0.009519181
252,-0.18449578,0.20579031,0.19072378,0.2504377,0.0,-0.060081754,0.0829688,0.013941517,-0.050788976,-0.06559971,0.29193977,-0.25468138,0.13001393,0.026180308,-0.057459876,0.30434644,-0.03493707,0.60221255
49,-0.33057383,-0.14467752,0.50288206,0.16502047,0.0,0.5782537,0.029965369,-0.0036920274,0.040659606,0.18784925,0.21891777,0.52798754,0.31972522,0.1463581,0.04581171,0.12008223,0.118938945,-0.13246599
300,0.32850847,-0.039265376,0.033497322,-0.10781076,0.0,-0.2910018,-0.019388234,0.0029462313,0.06834071,-0.11124787,-0.17856851,-0.09755287,0.15434512,-0.07295738,-0.10722805,-0.03505916,-0.36580676,0.39099294
135,0.3905714,0.18202774,0.26565322,0.2006513,0.0,-0.22616467,0.007246937,0.007903047,0.0406956,0.039404962,-0.05046108,-0.40226436,0.039284866,0.1471675,-0.08560913,0.24859281,-0.08008923,-0.3338957
290,-0.545309,0.55401385,0.25096622,-0.08483794,0.0,0.33153185,-0.03463712,0.0008140168,-0.06971303,-0.05478867,0.09986331,0.05498647,0.12676485,-0.0902251,-0.2792867,-0.05088805,-0.01985678,0.37997782
170,-0.076317154,0.34785113,0.23454368,-0.08167054,0.0,0.5253143,0.055341993,-4.7576963e-05,0.018292889,0.41203132,0.028970895,0.12955053,0.2138553,-0.052826636,0.007309197,0.35491693,0.39145127,-0.1182975
7,-0.20446357,0.07207631,0.017435346,0.22277714,0.0,-0.03752864,0.06246599,0.0010988689,-0.035773844,0.19107655,0.13421641,0.20082158,-0.103217974,-0.023228362,-0.033359285,-0.15898912,0.18133539,-0.09579571
6,0.554205,0.8737852,0.1496854,0.12495574,0.0,0.45433596,0.00939889,-0.007006126,0.05855498,0.3390133,0.19016208,0.27358407,0.21111056,0.05294539,-0.059324212,0.13818383,0.085272744,-0.05797088
68,0.48558885,0.8559524,0.863462,0.29153323,0.0,0.26995263,0.07382254,0.014730674,0.0909184,0.26386815,0.25703746,0.27149346,-0.011014834,0.009069624,0.16597709,0.06875258,0.48706752,0.932674
330,0.15883268,0.92614913,-0.40901148,-0.66545296,0.0,-0.023695372,0.039593354,-0.0062091327,-0.020176651,0.22520371,0.026869323,-0.009055216,-0.11142944,-0.27861992,-0.29229248,0.1486104,0.1894896,0.15665293
22,-0.47723866,-0.18039417,0.008991814,0.06651491,0.0,0.6256655,0.08846227,0.004953962,-0.060777787,0.1308241,-0.038972154,0.3803623,-0.066526726,0.04337047,0.06031637,0.13300338,0.114526704,0.5578027
133,0.15923002,0.14496563,-0.13590474,-0.03483144,0.0,-0.36849675,-0.041260734,0.0009460288,-0.011445055,-0.1254903,-0.25066566,-0.30970207,-0.010763475,-0.055396464,0.020508481,0.18269743,-0.20505233,-0.5682664
64,0.2243857,-0.114692025,0.24593271,0.034574464,0.0,-0.1173071,0.004591843,0.0028781355,0.037197657,0.05792083,0.18138608,0.22520527,0.08785783,0.05087702,0.011431017,-0.060883112,0.19278733,0.32639137
100,-0.29449648,-0.24826542,-0.20021348,-0.032165077,0.0,0.60770357,-0.06007666,-0.009057733,0.016646994,-0.05463418,-0.05726726,0.26858523,-0.13152555,-0.04273878,-0.093340844,-0.1773952,0.07727625,-0.17801778
173,-0.4644785,0.16139658,0.38075703,-0.029544843,0.0,0.32685837,0.071822174,0.00048551962,-0.04480029,-0.12952557,-0.052990887,-0.07857088,0.2609278,-0.0007766852,0.38902786,0.008178889,0.54762113,0.043928195
12,-0.015819998,-0.52335984,-0.32380763,0.056295298,0.0,-0.4575384,0.039227143,0.0010658284,0.019509858,-0.0044389106,-0.07044223,0.06346262,-0.4242382,-0.03159555,-0.2166106,-0.21704683,-0.054938205,-0.44857466
264,0.15240395,0.14794059,-0.49286705,-0.41902128,0.0,-0.012107187,-0.04266293,0.003863494,-0.0111493645,-0.12160466,-0.0027261858,-0.21528855,-0.1538765,-0.41860315,-0.1930177,0.1416767,-0.30632433,-0.66586703
17,-0.44692653,-0.28798482,0.1541747,0.1664726,0.0,-0.16356264,0.040798638,0.0018725863,0.023030175,-0.0875843,-0.09638771,0.22408868,-0.15203993,0.053755473,0.1263212,0.1913437,0.13715708,0.50536627
219,0.53515583,0.13693887,0.56710064,0.22335438,0.0,0.7178167,0.027498506,-0.003631206,0.056146905,0.030946417,0.36673844,-0.13767807,0.055954542,0.12446507,0.13521697,0.20144112,0.52932894,-0.17656524
92,0.41745764,-0.26247838,-0.008829435,-0.07372336,0.0,-0.14027932,0.026739895,0.0055715013,0.05732324,-0.010606948,0.049750146,0.42347816,-0.009765842,1.7726941e-05,0.9056315,0.010130365,-0.016993947,0.017141046
278,0.12351122,0.46376568,0.91360563,-0.48457557,0.0,-0.534718,-0.0019204388,0.0033781822,0.056623146,-0.08667232,0.15599978,0.17862089,0.018804891,-0.46275258,0.64418024,0.33663008,-0.1828021,-0.26007488
191,0.19380754,-0.18595132,0.015978035,0.103847764,0.0,0.1519454,0.037764993,1.6307611e-05,0.020456776,-0.085402876,-0.20756686,-0.68851686,0.11232478,0.046594888,0.0026061041,-0.409928,0.023497866,0.260409
150,0.15845096,-0.32722986,-0.60325503,0.09889048,0.0,0.015145423,-0.019681428,0.003705179,0.04498296,-0.029881056,-0.016078323,-0.30761203,0.009856207,0.049339153,-0.002153465,-0.02974426,0.10036788,0.2458177
142,-0.020100143,0.48811084,0.44108188,-0.020789111,0.0,0.7174297,-0.038000844,0.004276098,0.003860811,0.30572763,-0.00962765,0.34562764,0.17639142,-0.08638811,-0.009404248,-0.033857673,-0.23247969,0.3587655
161,0.14459758,0.29134324,0.24695005,0.013955758,0.0,-0.091405146,0.051302962,0.003108979,0.049890857,0.15271829,0.11280057,0.17640352,0.047704365,0.0058621233,0.049399856,0.4675057,0.06846694,0.5998445
248,0.38632292,0.4423957,0.20072965,0.102888435,0.0,-0.28911495,-0.026567841,0.007902605,0.06796172,0.023136772,0.15890299,0.31556028,0.08367251,0.054504625,0.14453539,0.036803115,0.15594974,0.5246479
168,0.037806638,-1.1259962,-0.22217642,-0.18046881,0.0,0.006694497,0.016138,0.0003963928,0.019683791,-0.32780656,-0.26353535,-0.8130804,-0.088415764,9.910274e-05,-0.9610932,-0.32516754,-0.7444253,-0.6369823
302,0.13426644,-0.3119784,-0.31854728,-0.114984885,0.0,-0.13607115,-0.02616589,0.0031814845,-0.01876196,0.021270556,-0.17136545,0.056127183,0.06948366,-0.18597566,0.16626355,-0.34110448,0.028098812,0.1794976
158,-0.54540336,0.06321369,0.013446622,-0.15175612,0.0,-0.46750635,0.03722887,0.0014065542,-0.069606625,0.15869091,-0.020835357,-0.24635875,0.124959856,-0.017560298,-0.1918458,-0.23907618,0.17341906,-0.23135576
1,-0.23993005,0.3932605,-0.21228084,0.065129496,0.0,0.33034724,0.025934717,0.00024490932,-0.051085994,0.32890117,-0.01866991,0.0970136,0.537248,0.03951742,-0.015901187,0.19899967,0.3042276,-0.39195043
274,0.37802234,-0.020726742,0.17193052,0.09506418,0.0,-0.42902598,-0.07768821,0.004154253,0.036241475,0.017656447,0.26686767,0.12659661,0.023257768,0.0673365,-0.05893833,-0.3668652,0.13356845,0.31064528
8,0.22433794,-0.4004948,0.12036023,0.055075698,0.0,-0.0459552,0.06170141,0.0063009565,0.040025003,0.07453605,0.09723371,0.036678717,-0.28778568,0.07479787,0.17255749,-0.067413434,0.34845558,-0.12027702
226,0.22023685,-0.388882,-0.027772278,0.21396038,0.0,-0.14958455,-0.034926422,-0.0032913673,0.04990965,0.067345455,-0.08303596,-0.2409709,-0.026667219,0.108165555,-0.036592692,0.24320543,-0.090698235,-0.4299374
270,0.3703196,-0.24614345,0.21322529,0.067145094,0.0,0.49974778,-0.06024943,5.936147e-05,0.05190408,-0.019691259,0.16483417,0.2570512,0.011749938,0.049626384,0.03494135,-0.24706446,0.31714654,-0.032545704
120,0.2868665,-0.25468007,-0.6563608,0.04374252,0.0,0.102932975,-0.063193575,0.003043802,0.027253881,-0.053925946,0.0643328,-0.019717738,-0.111281745,0.027250838,-0.12803857,-0.040096514,-0.33940452,-0.4978156
259,-0.26547396,-0.0944128,0.25356883,0.1782476,0.0,0.051993355,0.09417169,0.0122021455,-0.02868022,0.033596233,0.23697543,-0.21491234,0.4000929,0.048135895,0.1842565,0.013079437,-0.04312982,0.5307422
233,0.43256763,-0.46500507,-0.32839826,-0.08139574,0.0,-0.25063586,-0.10995986,-0.0072467104,0.038058355,-0.20207658,0.058752008,0.13808346,-0.06389822,-0.08263842,-0.10363443,-0.004126672,-0.19438002,-0.38149112
167,-0.5829938,-0.506331,-0.020138664,-0.06884227,0.0,0.025254233,0.036894724,0.0011337297,-0.06492973,-0.11760599,0.057402115,-0.09140449,0.039337244,0.00402336,-0.34543255,0.033470564,0.15077643,-0.15951245
237,-0.41391835,-0.465461,0.25119746,-0.012381227,0.0,-0.012198816,0.0046131467,0.0024554897,-0.04007152,-0.072435476,-0.13773733,0.07361742,0.1361847,-0.07149946,-0.074145794,0.0672016,0.1480185,0.0068145725
327,0.18641809,0.27179706,-0.31528327,-0.50749177,0.0,-0.12550858,0.025790533,-0.0017786057,0.006988453,-0.012402869,-0.05170594,0.08746313,0.15528885,-0.19319342,-0.36634263,0.22877991,0.29714587,-0.35183275
5,0.114249445,-0.7675458,-1.2171748,-1.1321951,0.0,-0.24355726,-0.046748098,-0.008124435,-0.02485304,0.0070275613,-0.10187292,-0.44213104,-0.4262684,-0.35503098,-0.36244616,0.038706988,-0.04912905,-0.59165215
33,-0.08299189,-0.0060701063,0.14960463,0.02591967,0.0,-0.7161268,-0.13906078,-0.030869273,0.011280599,-0.028114375,0.04718302,-1.1996334,-0.0046214047,0.041133888,-0.13767827,-0.27526522,0.21372208,-0.4775074
315,0.40592274,0.007055955,0.2485795,0.005429371,0.0,0.58271706,-0.036399648,0.0011162488,0.04502814,0.20697658,-0.14039913,0.38678074,0.02113924,-0.0069650565,-0.07886285,0.3914879,-0.22972272,-0.31680834
179,0.19491073,0.13636488,-0.21035095,0.015795685,0.0,-0.48895374,0.0735232,0.0036583107,0.023856353,-0.16670924,0.16221368,-0.50487787,0.06691461,0.02532679,-0.23854342,-0.04253169,-0.44622523,-0.21413311
34,0.045562766,-0.4381576,-0.13307,-0.37937132,0.0,-0.5404374,-0.09171091,-0.005764132,-0.01840798,-0.0058443397,-0.1348497,-0.17624575,0.014743957,-0.20759617,-0.29510468,-0.19530718,-0.35479698,0.3076854
141,0.39139095,-0.20993449,0.4112796,0.02993492,0.0,0.31296736,0.023982616,0.003111358,0.120842166,-0.102449946,0.0004841403,0.3429852,0.018032541,-0.055335782,-0.08379443,-0.012001167,-0.079252616,0.2788786
97,0.10907285,0.35836717,-0.008173883,-0.0052173743,0.0,0.43239945,-0.057758044,9.809531e-05,0.036313735,-0.1695646,0.08240653,0.2368162,0.0028709932,0.11774856,-0.09278184,-0.24933198,-0.14002587,-0.2621
85,0.30942714,0.24947974,0.14172782,-0.17615461,0.0,-0.40804207,-0.035303753,0.0008075716,0.06455235,-0.097541794,-0.16584487,0.27964905,-0.041696798,-0.008732956,-0.06280283,-0.18703277,-0.2226542,-0.24902363
175,0.23635809,0.34455168,0.52600926,0.13724555,0.0,0.025646439,0.13258545,0.006124668,-0.0007971392,-0.02843919,0.26286802,-0.17794219,0.25554252,0.03653968,0.14865516,-0.042247713,0.31941676,0.2086952
116,-1.081015,-0.62324584,-0.11324191,-0.09088719,0.0,-0.21883242,-0.11310683,0.0029319236,-0.10973077,-0.4773036,-0.27941948,-0.54884565,-0.13734853,-0.0010740795,-0.33570835,-0.16800492,-0.78144306,-0.5326221
293,0.28736433,0.7747526,-0.3462234,0.0514995,0.0,0.3113699,-0.021135505,0.0069733327,0.027580656,-0.049296107,0.074431814,-0.57668763,0.13190491,-0.0026938592,-0.10784743,0.1537747,0.18953389,0.1627299
45,0.2628102,0.2125561,0.3842625,-0.3500983,0.0,-0.013946288,-0.019203935,-0.0029325548,0.003781866,0.27173072,0.0110508455,0.06575164,-0.09816286,-0.20653258,0.5694193,-0.21047352,-0.12372396,-0.36571822
200,-0.28837603,-0.28965196,0.17532542,0.10447366,0.0,0.07869159,0.007685687,-0.0005862543,0.0030033304,-0.038191624,0.20936713,-0.23515852,0.28079182,0.053608496,0.78327847,0.35684615,-0.004269264,0.19377318
210,-0.17247716,0.15544909,-0.515182,0.13627581,0.0,-0.1718285,-0.0054802606,-0.0068589253,-0.04550393,0.03814521,0.06569745,0.20045665,0.057219476,0.019427275,-0.14311352,-0.11135675,-0.1651686,0.05502812
224,-0.033548146,-0.0634643,-0.55494004,-0.13662753,0.0,-0.45972395,-0.026964286,-0.0012375641,-0.03496768,0.015495525,-0.0026322443,-0.3230306,-0.083119325,-0.03293635,-0.24279433,-0.38564363,-0.38390803,-0.85920703
153,0.2190532,0.33577377,-0.13202144,-0.052720156,0.0,-0.4920517,0.018098189,0.0014374497,0.053038098,-0.09007016,-0.0023002068,-0.28105417,0.017712887,0.014279549,-0.23935232,-0.056201905,-0.2497671,0.3283175
229,0.14691195,0.29633126,-0.64195263,0.069613814,0.0,-0.35963756,-0.07399625,-0.0047361,0.045719326,0.18895835,-0.24216029,0.2506918,-0.082600355,-0.0050293114,0.33884487,0.057190865,-0.44185144,-0.15107548
217,-0.32370442,0.75811464,0.095742,0.19739681,0.0,0.42687383,0.037905224,-0.0020177201,-0.084235035,0.007868747,0.18490125,0.42834598,0.3373039,0.1190067,-0.011738096,-0.08027808,0.31150535,-0.012017253
90,-0.06006692,0.120999366,0.3192481,-0.055049874,0.0,-0.20820303,0.0609952,0.0047996943,-0.017766602,0.0689338,0.14789823,0.28820252,0.017409198,-0.06021074,1.2197747,0.4131466,0.10304416,0.02736655
122,-1.1117859,-0.8301833,-0.022248536,-0.046965346,0.0,0.045261595,-0.21332027,-0.00041017352,-0.15310737,0.15388958,-0.32314402,-0.26489538,-0.29070106,-0.022095377,-0.41845408,-0.25413382,-0.1098528,-0.745263
137,-1.0374578,-0.03049725,-0.1876308,0.02971494,0.0,-0.35727376,-0.11100322,0.005337441,-0.1694616,-0.28297716,-0.3515994,0.09193658,-0.022950018,0.021320418,-0.18694098,-0.3025513,0.076847814,0.20771295
246,-1.056436,-0.60597104,-0.07092311,-0.19279125,0.0,-0.3127633,-0.07770747,-0.008141125,-0.15189387,-0.5318874,-0.5583344,-0.034308225,-0.10559118,-0.031110473,-0.0060611945,-0.4217435,-0.41782212,-0.025202898
225,0.008920343,0.44598597,0.00077026803,0.16835833,0.0,-0.2129898,0.023078538,-0.0010651695,-0.009745503,0.31615424,0.05312388,-0.24222215,0.07176525,0.083586216,0.06249381,0.02121521,-0.046920538,-0.3517455
73,0.05881539,0.6506563,-0.5114505,-0.09316184,0.0,0.4746437,-0.17560059,-0.010935412,0.0016519899,-0.036142603,0.029379655,0.20470636,-0.07186633,-0.002895876,0.7067735,-0.16926208,-0.025685152,0.36112425
328,0.28816676,0.37678766,0.011180118,-0.45570812,0.0,-0.19527736,0.009378659,-0.0045315046,0.033117462,-0.09842813,-0.12832886,-0.14117065,-0.019930402,-0.17756283,-0.4883859,0.24736667,0.30965245,-0.35169417
318,0.35857663,0.9713982,0.26315808,-0.5738232,0.0,0.27337444,-0.027031634,-0.0013298504,-0.01021307,0.023672324,0.28734297,0.039373748,-0.04024495,-0.2968169,-0.07012209,-0.031908143,0.18498544,0.07209081
136,0.60592896,0.5168474,1.1345417,0.14244063,0.0,0.14184628,0.06568113,0.003865114,0.104152545,0.10513246,0.0727638,0.3817269,0.20148309,0.12552455,0.08636216,0.19097324,0.27226102,0.2382739
236,0.5060942,0.53997034,0.19350407,0.19271731,0.0,-0.02231961,0.075200535,-0.005625362,0.08815907,0.07564961,-0.03353737,0.6743006,-0.004465651,0.10226508,0.009165759,0.14027704,-0.059615664,-0.08050669
29,-0.173787,0.695694,0.8164673,0.16747932,0.0,0.4793373,0.12306105,0.0055690724,-0.016631441,0.032794785,0.36463818,0.30366385,0.1824271,-0.0092267115,-0.12261105,0.2047324,0.28020817,0.056640126
124,0.06399761,1.3769369,0.5228477,0.1217831,0.0,0.92120194,0.01415595,0.004552514,0.07106398,0.086694956,0.05239031,0.8130827,0.19010808,0.0054866904,1.8185856,0.58070844,0.14102012,0.60573334
20,0.095693395,-0.080997296,-0.40019703,-0.007817148,0.0,-0.2074735,0.043358088,0.0017799662,0.0034494188,0.11058397,0.0041232123,0.02363943,-0.1821153,-0.0093284715,0.007995501,-0.04797989,-0.2007745,0.23692796
46,-0.2768396,-0.7185065,-0.5684442,-0.6718009,0.0,0.18900315,-0.025853042,-0.0048037726,-4.0127095e-05,0.0745979,-0.3013936,-0.6517602,-0.46230084,-0.19519575,0.3099976,0.045821913,-0.9709278,-0.38020092
204,0.47153243,0.52816564,0.4030038,0.11775386,0.0,-0.16111833,0.03355205,-0.0048160683,0.036448896,0.0011976794,0.25996575,0.46927887,0.23251733,0.06037757,0.2851535,0.32870898,0.025983961,0.30269098
284,-0.50738543,0.37822852,-0.001800841,-0.0048661116,0.0,-0.18587492,-0.1159511,0.0035227498,-0.09379072,-0.10401954,-0.049291212,-0.31221485,-0.033865698,0.031768687,-0.2033739,0.05616577,-0.020663278,0.18059307
241,-1.1140138,-0.6926069,0.12332742,0.012687433,0.0,0.10516916,-0.029576972,-0.006387127,-0.10841838,-0.18514878,-0.047847718,-0.35874552,-0.11669353,0.030668622,-0.29852715,0.16534866,-0.00033486236,-0.08812107
89,0.32393128,0.44048497,0.026422244,0.2898281,0.0,0.09772652,0.1652412,0.0042633917,0.10561907,0.2902013,0.16530678,0.501885,0.07491184,0.06439786,0.081885815,0.16787118,0.15549421,0.43447065
164,-0.61254895,-0.23055921,0.31460652,0.15650536,0.0,-0.1460585,0.08138619,0.0016629818,-0.082919516,-0.13747624,-0.1302567,-0.03029607,0.1754576,0.037388135,-0.13390362,0.09828796,0.12778892,-0.0986564
27,-0.21334435,0.73045844,-0.10868993,0.30516088,0.0,0.57705975,0.110336676,0.008245195,-0.035548564,0.08931088,0.28679273,0.32206848,0.119179785,0.08229764,0.150683,-0.0467612,0.41131377,0.6015275
212,-0.019332824,-0.42999393,0.194319,-0.19207084,0.0,-0.41700897,-0.06814814,-0.006195183,0.013737356,-0.04057075,-0.30838522,-0.08042264,-0.06697556,-0.06293764,-0.15457973,0.07976313,-0.36633152,-0.68268067
145,-0.32588303,-0.2151919,-0.34248006,-0.08839666,0.0,0.19732855,-0.05065628,0.005190973,-0.026514275,-0.19809079,-0.22233687,-0.53605425,0.06897707,0.0023889393,0.002402313,-0.030881768,-0.10989716,0.2608762
140,0.10626432,-0.26585123,-0.10199146,-0.74136,0.0,-0.15920775,-0.07697508,-0.00073014846,-0.01083931,-0.1464223,-0.09694937,0.018168684,-0.11493097,-0.54625046,-0.29269472,0.03399008,-0.39976034,-0.8135435
156,0.1508218,-0.46579722,-0.12888601,-0.1646475,0.0,-0.5569761,-0.03663437,-0.0005304152,0.034116045,0.05228653,-0.11040825,-0.0988602,0.063515544,-0.0015323573,-0.34489554,-0.012982247,0.14031367,-0.12796807
146,0.26446488,0.1317039,-0.78475803,0.07153616,0.0,0.2658267,-0.08213713,0.0032414347,0.027674887,-0.032479737,-0.10983769,-0.71277785,0.08144444,0.053747956,-0.15415813,-0.25906208,-0.2677324,-0.1057252
295,-0.32135957,0.07400893,0.29063952,-0.05228168,0.0,-0.08174332,-0.021686416,0.014048141,-0.037870724,-0.040172666,0.1247853,-0.24042147,0.16473572,0.024599945,-0.15139048,-0.26846352,0.117467955,0.3947065
208,0.10002789,-0.309752,0.14818981,-0.20539702,0.0,-0.44795462,-0.099536404,-0.008260054,-0.030600943,-0.09138152,-0.14415237,-0.15746346,0.0065047387,-0.04639174,-0.10128464,-0.39302868,-0.252534,-0.5752526
35,0.102632016,-0.7765598,-0.10743758,-0.2231537,0.0,-0.56703544,-0.0812984,-0.0045923847,-0.03460439,-0.03585657,-0.063386716,-0.7120333,-0.015325483,-0.1035671,-0.13706847,-0.03602982,0.1183564,-0.9321012
230,0.25893733,0.3472973,0.30193827,0.22629446,0.0,-0.42761332,0.025639338,-0.002717899,0.049182516,0.24868445,0.07698367,0.22657748,-0.07707006,0.011649494,0.60010034,-0.16879867,-0.39830256,0.09180594
176,-0.4294597,-0.27941278,-0.2760288,0.05766437,0.0,0.005996291,0.09991728,0.0052750236,-0.050462525,-0.13660824,0.17784005,-0.18128464,0.26234844,0.022036456,0.15469997,0.42076948,0.25326353,0.2843859
190,0.1569836,-0.0042199898,-0.040255047,0.053339027,0.0,0.3718909,0.050843116,0.00026711015,0.022413446,-0.018294096,-0.17381229,-0.61678654,-0.1451283,0.04963356,-0.07451007,-0.2916462,-0.38336626,0.433213
189,0.11292118,-0.15969679,0.6229765,-0.68844366,0.0,0.06838032,0.0219975,0.003037458,0.012798861,-0.007029706,0.18445764,0.024013216,-0.06810322,-0.27820322,-0.058897085,-0.34982753,-0.20351982,0.15395273
44,0.0428994,0.38494217,0.2629448,-0.08180086,0.0,-0.28569716,-0.10341681,-0.0048427028,0.06698969,0.043101914,-0.09510012,0.13049957,-0.05159333,-0.0824673,-0.054778386,0.019922579,-0.32034132,-0.48000568
159,0.7132405,0.41257897,0.36035976,0.19447118,0.0,-0.062714025,0.097594395,0.0048899604,0.082358815,0.10175174,0.34612268,0.11240901,0.20384096,0.052864254,0.6001051,0.007201044,0.412729,0.74936426
129,0.23180138,-0.41628253,-0.012712325,0.15416937,0.0,-0.43626347,-0.026850626,0.0044297804,0.036015127,-0.07389695,-0.016046934,-0.29810163,0.002955554,0.03177617,-0.16554986,-0.13729617,0.17521179,0.33755457
247,0.0731862,0.0074975695,0.09963212,0.06028956,0.0,-0.40531576,-0.11238904,0.0051223123,0.022794612,0.06660708,-0.08091531,0.10994106,0.017968558,0.04947991,0.0146391,-0.049789473,-0.030495023,0.54254353
111,0.40375826,-0.21406029,-0.1885114,0.027899299,0.0,-0.71910596,-0.1908169,4.6093362e-05,0.05978413,0.072797015,-0.25250566,0.21821581,-0.19827645,0.068630636,-0.2901474,-0.26924735,-0.22181842,0.08512198
206,-0.09723282,-0.81806165,-0.11617918,0.0855414,0.0,-0.51558405,-0.17408518,-0.027094709,-0.04487543,-0.106053315,-0.051328793,-1.0785737,-0.0035444873,0.025440546,-0.22636983,-0.13644844,-0.43721297,0.11299073
239,0.037019853,0.10211603,-0.25702494,-0.6967338,0.0,0.13471359,-0.050509248,-0.0025526185,-0.025814775,-0.14064987,-0.009090004,0.31056935,0.022688916,-0.35976106,-0.552798,0.12236285,-0.34086856,0.09779973
18,0.21185473,0.10203758,-0.4375994,-0.011100993,0.0,-0.24043004,-0.006459421,0.0029391514,0.0058277086,-0.16557483,-0.21427232,-0.3695229,-0.36965302,0.039793283,-0.2931318,-0.6670172,-0.35686928,0.16110533
214,0.67016655,1.1873219,0.6851252,0.39391685,0.0,1.4305146,0.12959614,-0.0017778985,0.14983875,0.5390169,0.31723434,1.3116115,0.31240788,0.10566842,1.5520366,0.3756227,0.27303964,-0.041846834
79,0.39186332,-0.17096187,0.47314948,0.27760604,0.0,-0.21473107,0.019483604,0.0039434126,0.011924593,0.08437888,-0.050799374,0.044238996,-0.02770578,0.11279248,0.11111869,0.07284986,-0.2914594,-0.4570507
71,-0.502586,0.28467134,0.17179255,0.034972277,0.0,0.37274605,0.08947567,-0.0008116182,-0.04092248,-0.14458843,-0.15071534,-0.25243965,0.034965437,0.018895866,0.076148495,0.17662197,-0.02641884,0.24896765
194,0.24676068,-0.047579788,0.29058117,0.17050724,0.0,0.1701065,0.039772883,0.0012561849,0.03019195,0.092948645,-0.09724259,0.07886927,0.0452319,-0.0043506753,0.01345716,0.16408284,-0.033091124,0.22921291
281,0.35481274,0.016350295,-0.002133938,0.1684223,0.0,-0.17419021,-0.014894725,0.00082765595,0.0072424607,0.19195452,0.02898453,0.73291665,-0.13300343,0.1261164,0.07735056,0.051272593,0.25773948,-0.19671124
322,0.04258376,-0.5904316,0.07341609,-0.545065,0.0,-0.1533015,0.021999754,0.0002029186,0.0066640335,-0.09474819,-0.11775034,0.10489238,-0.10129855,-0.20433845,-0.4816524,0.039319362,0.19309188,-0.5471076
160,-1.2276042,-0.08820926,0.22114442,-0.106422625,0.0,-0.20320399,0.047368295,0.0028112398,-0.121070825,-0.3188089,-0.28410316,-0.7035549,0.06689857,0.0031484284,-0.0075376797,-0.05530236,-0.57642776,-0.25811526
261,0.38459235,-0.10571739,0.20844129,0.1336144,0.0,0.16277508,0.07055361,0.008783384,0.06094951,0.094704665,-0.07723581,0.272345,0.030525142,0.08142835,0.21761926,0.03068764,0.31293133,0.50408477
83,-0.41385508,0.28826153,-0.084479235,0.040837448,0.0,-0.3375681,0.022796897,0.0015094868,-0.044866595,0.129562,-0.19252783,0.14862661,0.019405747,0.07025646,-0.012789206,0.16185029,-0.09458736,-0.311924
333,0.14650981,-0.006130564,0.2117629,-0.5465717,0.0,0.0896534,0.01554885,-0.004989365,-0.027415527,0.012984864,0.06503888,0.20610225,-0.13650644,-0.25279617,-0.44737625,0.08675593,0.14445648,-0.52599406
118,0.6964666,-0.15143995,-0.08508116,0.2904402,0.0,0.6084787,-0.010713033,0.001686388,0.05106959,0.1932457,0.16049199,0.5155772,0.20980397,0.032221984,0.26313493,0.19503145,0.26904234,0.15051831
258,0.28203756,0.2707537,-0.22727156,0.08290343,0.0,0.093329675,-0.026264561,0.0047648833,0.05394688,0.020837225,0.1909563,0.12005112,0.31343642,0.050781876,0.12275074,-0.10271344,-0.305839,0.4470893
313,0.396567,0.04205807,-0.67237395,0.21511053,0.0,0.3512951,-0.053679727,0.0013987857,0.023342457,0.15688176,0.11603968,0.20523542,0.25038195,0.010557045,0.14643607,0.12967248,0.32816482,0.08737427
110,0.25219876,-0.17462584,-0.06623167,-0.040455174,0.0,-0.5130809,-0.15816356,1.4691797e-05,0.001364539,-0.047103815,-0.20518237,-0.2569562,-0.026930053,0.025364934,0.03967805,-0.47898698,-0.0041904342,0.045232907
240,0.60735554,0.9732693,0.95263064,0.2484428,0.0,0.783606,0.101357095,0.001128348,0.100837424,0.48197415,0.13884541,0.630121,0.13227212,0.08768208,0.13771129,0.56508535,0.1221702,0.32594898
157,0.3999638,-0.14266297,0.68124044,0.17473403,0.0,-0.13831402,0.043795552,0.0031563123,0.022532025,0.22093873,0.12711306,0.33372542,0.17707273,0.017794,-0.09154454,-0.12124897,0.33545077,0.34635627
152,-0.44444352,0.22313553,0.2601461,0.057747312,0.0,-0.06329346,0.08664831,0.004691538,-0.047946718,0.00023604557,0.0057948474,-0.11678347,0.055082843,0.037000872,-0.08193748,0.06569081,-0.14731438,0.49625897
16,0.31516337,-0.0714395,0.18971214,0.12509912,0.0,-0.2019888,0.04221444,0.0017064372,0.043019116,0.044832654,0.15175454,0.066733174,-0.31639013,0.083365716,0.11511343,0.37535524,0.22245176,0.20376952
75,-0.10065215,0.59106785,0.31652483,0.26641807,0.0,0.77200145,0.09973157,-0.002977961,0.036469515,0.14448,-0.051780216,0.1584942,0.008507622,0.056351338,0.041507713,-0.11694992,0.13191843,0.03910692
109,0.34165737,-0.06562215,-0.049169827,0.060846504,0.0,-0.36807477,-0.117572695,0.0042730453,-0.0059152166,-0.08277328,-0.19033168,-0.1643442,0.034209512,0.053608727,-0.10106116,-0.26085296,0.18737769,0.114199996
228,0.0041718488,-0.6572893,-0.16013116,-0.04287008,0.0,-0.38823137,-0.036175936,-0.00077149307,-0.010831182,-0.06677125,-0.1657628,0.2729833,-0.11844131,-0.13231729,-0.08058062,0.083131365,-0.50245637,-0.6066931
218,-0.62980294,0.2311695,-0.107284695,-0.10976531,0.0,0.07862492,0.025349367,-0.00993333,-0.10002466,-0.2780976,0.16567715,-0.41222277,-0.33068126,-0.047281984,-0.2856067,0.021180915,-0.1965982,-0.6231759
139,-0.7267638,-0.29788056,0.1045181,0.058927473,0.0,-0.170295,-0.02078131,0.005899124,-0.092669174,-0.06332108,0.12922215,0.19553791,0.10957585,0.078427814,-0.16868919,0.06942455,-0.05209708,0.23124938
4,-0.07503515,0.17765789,-0.29910964,0.05359851,0.0,0.23170689,0.01013602,-0.008916083,0.022380436,-0.09257799,-0.08279532,-0.12792824,-0.29951033,-0.03123489,-0.16406432,-0.24298106,0.011360473,-0.6918422
96,-0.9360443,-0.7180537,0.08289066,-0.22803769,0.0,0.22099225,-0.11336131,-0.0014750903,-0.073086984,0.020235086,-0.18921567,-0.32815465,-0.26411524,-0.09120163,-0.18342051,-0.031663653,-0.07931151,-0.69635034
215,-0.871467,-0.5053029,0.08898367,0.053198125,0.0,0.20577012,-0.013948472,-0.00289295,-0.09807846,-0.22055097,0.028936364,-0.026017446,0.18088914,0.05001021,0.07304154,-0.0023910066,-0.01592449,-0.5334448
61,-0.39486995,-0.12429493,0.1729588,0.20417361,0.0,-0.40269738,0.03158689,0.0025791898,-0.06635793,0.25643027,0.058260832,0.33204535,0.36205316,0.079208955,-0.20188342,0.09605,-0.1892348,0.17481494
67,-0.96888304,-0.46357214,-0.18274201,-0.04637418,0.0,-0.3852288,-0.051203452,-0.01744485,-0.11466905,-0.35344088,-0.2700268,-0.24369672,-0.36284932,0.0063380003,-0.3669951,-0.35158923,-0.53410864,0.09828425
154,0.56611377,-0.08953185,0.122025624,0.079807505,0.0,-0.03615253,0.07058955,0.005872883,0.011295796,0.12827626,0.025773032,-0.1425973,0.057940677,0.03856748,-0.14976548,-0.069720425,0.21052395,0.56051874
181,0.53133774,0.009942383,0.8377565,0.21032473,0.0,-0.012585832,0.08849144,0.005911819,0.07596835,0.24112634,0.2648463,0.6165822,0.61589485,0.06622264,0.34253842,0.7441586,0.8315716,0.92031676
256,-0.38445628,0.24313039,-0.06908855,0.010650183,0.0,-0.06991708,0.07217708,0.0033858286,-0.08126576,-0.0035796126,0.22140498,0.19237754,0.12134538,-0.0046459977,-0.09388176,-0.22127663,-0.02907741,0.48291555
198,0.54296815,0.957862,0.32790095,0.25148937,0.0,0.8059857,0.12585285,0.008498351,0.11925619,0.34522998,0.2532841,0.7215745,0.3373948,0.134926,0.052755155,0.39619166,0.42832696,0.5813326
312,0.24835022,0.4777877,-0.3775437,-0.21831727,0.0,0.5042662,0.0017947239,-0.00056251173,-0.01562306,0.20539416,0.22606064,0.22841841,0.30359608,-0.027339932,0.9041311,0.0533232,0.11324663,0.47975013
40,-0.0967109,-0.7226946,-0.35969555,-0.8030088,0.0,-0.49068466,-0.103879414,-0.011954659,-0.011959393,-0.11500209,-0.20428243,-0.14591533,-0.2663592,-0.49764103,-0.20685303,-0.661668,-0.31569335,-0.59471977
325,0.16626339,-0.5520456,0.021047104,-0.6818539,0.0,-0.15336142,-0.010879308,0.0009593537,-0.024565334,-0.03808299,-0.012977824,0.114238955,-0.07015542,-0.2230034,-0.53695637,0.0606805,0.18415618,-0.44417202
13,0.2079897,-0.22119263,0.061924797,-0.022925476,0.0,-0.4630999,0.047795214,0.0009252235,0.0104100285,0.11631105,0.050392102,0.03954745,-0.35677674,-0.016990425,-0.021793708,-0.26187524,-0.29833832,-0.4817646
107,-0.3135169,-0.20178449,0.27264488,0.040343385,0.0,-0.101733916,0.05298238,0.0012062058,-0.023910765,-0.018843777,-0.03426123,-0.050917756,0.0555264,0.016745394,-0.33698985,0.28293076,0.54274625,0.2075076
254,0.45399538,0.6794512,0.23389794,0.20368686,0.0,-0.027318347,0.106539324,0.004853719,0.07620504,0.10423411,0.4128773,0.5142402,0.21125236,0.09284648,-0.031459887,0.761803,0.025191613,0.56822646
3,-0.82661027,-0.95071745,-0.17384382,0.020098707,0.0,0.14517649,0.0041734376,-0.0016819022,-0.05966169,-0.3002895,-0.22469422,0.024149278,-0.19224292,0.052503627,-0.36265582,-0.016810576,0.03028032,-0.77538794
305,0.30785787,-0.35694516,0.079984225,0.050711393,0.0,0.083728336,-0.0039369827,0.0049582156,0.059133235,-0.14619781,0.08697719,0.15145689,0.39194676,0.033769704,-0.29851755,-0.32213274,-0.4384633,-0.17088687
125,-0.7981579,0.23201145,0.19829354,-0.14786962,0.0,0.1275679,-0.15654668,0.0048189615,-0.09584158,-0.16548772,0.0210943,-0.2609288,0.054747377,-0.022303773,-0.082964666,0.051264454,0.08948502,0.34179947
24,0.4414973,0.48920503,0.17337042,0.10134875,0.0,0.5123295,0.09100947,0.0061368267,0.08836067,-0.1173648,-0.082964115,0.34343174,0.108893864,0.052897077,-0.07427735,-0.1019017,0.023016907,0.33515242
30,-0.52476436,-0.46464512,-0.44034305,0.01916115,0.0,-0.3678632,0.04845873,0.0015237043,-0.058487095,-0.11727059,-0.11384804,-0.015761131,-0.16155894,-0.051417258,0.049517706,0.0010007918,0.19071129,-0.60363925
77,0.33833745,0.20739704,-0.117824785,0.010973168,0.0,0.4383227,0.009474562,4.669679e-05,0.043809287,-0.25363672,-0.12403041,-0.3360083,0.008980875,0.08871408,0.04806634,-0.43458405,-0.23830919,-0.29870614
188,0.20289113,-0.18439426,-0.0091828685,-0.10934863,0.0,0.018725434,0.025813196,-0.0022559252,-0.007316979,-0.1064362,-0.060908772,0.10118439,-0.038606513,-0.12403819,-0.25697628,-0.046168417,0.09572051,-0.10828705
184,-0.93022704,0.15345725,-0.03302968,-0.10703872,0.0,-0.11123189,0.030390302,0.014586371,-0.11898875,-0.29029176,0.03618265,-0.6469856,-0.03686767,0.0026513268,-0.14382514,-0.3399181,-0.07716034,-0.010473499
310,0.38606215,0.29596242,0.38765877,0.09448641,0.0,0.3820654,-0.017492726,0.0011044255,0.078883596,-0.06776698,0.10732933,-0.2398487,0.0151574,0.046215057,-0.10296999,0.07302728,0.4897528,-0.4664044
304,-0.63868356,-0.21636818,0.028987724,-0.07649576,0.0,-0.1399418,-0.029998498,0.0023384362,-0.079290554,-0.15730275,0.13385324,-0.3859128,0.17747743,0.016448973,-0.66071326,-0.27326918,0.14237969,-0.22767964
220,-0.20283535,-0.4414002,0.15521885,-0.5592352,0.0,0.3005135,0.060277037,-0.0009204908,-0.018918412,-0.09006318,0.07638776,-0.5507405,0.0064066285,-0.39409792,0.8224752,-0.15191354,-0.038396005,-0.58147097
19,0.2723995,-0.54897153,-0.646347,-0.31263623,0.0,-0.1544526,0.009882726,0.006053962,0.025632488,-0.00060968735,-0.061981358,0.14644118,-0.35242593,-0.061733373,-0.18342684,-0.10428712,-0.37933698,-0.26298857
286,-0.8363815,0.33704475,-0.3296321,-0.04740986,0.0,0.45154986,-0.11969197,0.005537931,-0.07306145,-0.12675935,0.114770435,-0.45675045,0.09621026,0.06279677,0.104576,0.2031791,0.00993604,-0.10915413
301,-0.29892227,0.15394664,-0.18145448,0.025207326,0.0,-0.25317785,-0.012279943,0.003638289,-0.023020659,-0.100747116,-0.0566312,0.14431864,0.21396638,-0.03533885,0.088274516,0.018438937,-0.10811527,0.11763987
182,-0.7090031,-0.42697096,-0.72473294,-0.08202172,0.0,-0.2581549,0.03119869,0.013087352,-0.049316593,-0.10051433,0.05745344,-0.75815934,-0.06923933,0.016033756,0.44759268,-0.12805194,-0.07744163,0.20929016
297,0.3387213,0.041649356,-0.21968739,0.1604025,0.0,-0.22267443,0.006522708,0.0045874133,0.03526989,0.007153905,-0.10910649,0.21139507,0.20822725,0.05133839,0.09882209,-0.08891393,0.20001411,0.34460264
80,-0.013834581,-0.67170167,-0.64756286,-0.3394141,0.0,-0.38822025,-0.086906366,-0.00079910044,-0.02251473,-0.12690237,-0.16102757,-0.7311696,-0.16169795,-0.15503956,0.25329077,-0.23397335,-1.1269752,-0.9941403
51,0.2810899,-0.10346533,0.3120528,0.15811217,0.0,1.0464427,-0.0018921128,-0.0028029666,0.07466863,0.0430765,0.13807108,0.49982473,0.49913192,0.14870472,0.014359872,0.109690346,0.088762216,0.085155405
2,-0.4971701,0.79394895,0.2081022,0.23103064,0.0,0.48881048,0.06945178,0.0019006319,-0.07803491,0.09006762,0.30595082,0.083604276,-0.059559766,0.07353689,-0.12826303,-0.04032255,0.097706914,-0.2502921
11,0.2640616,0.32372427,0.11854519,-0.03343201,0.0,-0.34374726,0.0667685,-0.004383356,0.017839525,0.058270697,0.13639292,0.13017318,-0.25053433,0.026201034,0.011623134,0.022962,0.21172334,-0.36524647
104,0.41583458,0.05359481,0.24338116,-0.05973175,0.0,-0.21791653,0.05774326,0.005118623,0.003626729,0.014816279,0.11491071,0.33218992,-0.10193606,-0.091505304,0.026483383,-0.13369231,0.19058509,0.5370883
234,0.3599469,0.019305047,0.09121766,0.04088799,0.0,-0.25374976,0.005987421,-0.005959367,0.089367315,0.04490923,0.14029388,0.15584345,-0.029028254,0.05448335,-0.23194368,0.16445231,-0.18167779,-0.07337692
86,0.47155625,-0.16649409,0.088162065,0.07145631,0.0,-0.3972669,0.0722532,0.00489557,0.008212118,0.030322582,0.02134573,0.36998484,0.05835403,0.113328524,-0.10936259,0.12951484,-0.1890579,-0.18731853
10,0.23445256,-0.135447,0.33942977,-0.049873147,0.0,-0.4043492,0.044956896,-0.0007959131,0.018203644,-0.07066896,-0.004150661,-0.089433,-0.37637305,0.04223467,-0.15185924,-0.34367263,-0.0430214,-0.6180384
250,0.11799491,0.32130423,0.22873949,0.16002691,0.0,-0.27332282,0.04885209,0.0028955177,0.049077965,-0.025903828,0.111120045,0.35548198,0.16135491,0.047766354,1.2901204,0.3748646,0.17378275,0.24636677
319,0.029697593,0.00057642517,-0.51886374,-0.692973,0.0,0.14513342,0.013232968,-0.004668438,-0.007663825,0.07715213,-0.12022965,-0.10172983,-0.15136075,-0.23502822,-0.35141805,0.11442254,0.22362952,-0.3379968
58,-0.36301225,-0.60022634,-0.77775216,-0.022461316,0.0,-0.7077955,-0.06442702,0.00069180445,-0.0093143545,0.028941728,0.02294055,0.008212259,-0.14174694,0.045038186,-0.08378915,-0.16618973,-0.12841414,-0.64888763
41,-0.66846704,0.22924866,-0.032881055,-0.15099727,0.0,-0.43981585,-0.08773985,-0.0051585957,-0.06319954,-0.05914656,-0.21869405,-0.31145275,-0.045761596,-0.03635658,-0.27518138,-0.7859754,-0.15126881,-0.5063565
14,0.23943926,0.03489656,0.10723457,0.19275418,0.0,-0.4374132,0.049609717,0.0043860073,0.020429643,0.1655731,0.056284707,0.23143089,-0.30376726,-0.007015015,0.7291337,0.08595786,0.14558905,0.077201754
155,-0.5852264,-0.50246185,-0.19265047,-0.14058311,0.0,-0.34746492,0.030794257,-0.00014867444,-0.04291615,-0.14645419,-0.063429356,-0.43827382,-0.10982064,0.015446153,-0.52668685,-0.08466652,-0.47919592,0.005150008
50,-0.8611327,-0.87693864,-0.07167737,-0.39013046,0.0,0.16350801,-0.107954495,-0.018391205,-0.14161214,-0.30586702,-0.2500217,-0.6792269,-0.46831372,-0.20118067,-0.3708317,-0.021711564,-0.03730201,0.030316168
209,0.2683515,-0.04814018,0.6133308,0.48539189,0.0,0.036148567,0.0039237915,0.0063036787,0.019723102,0.11669368,0.11014049,0.0068970933,0.11036741,0.057248175,0.2615762,0.14372887,-0.099382326,0.29776263
263,-0.8549826,0.09568877,-0.23291479,-0.10969276,0.0,0.02959961,-0.06376197,0.009373683,-0.087732315,-0.19000208,-0.020940213,-0.61250544,0.06878045,0.007972733,0.041153245,-0.2027773,0.06825335,-0.5543416
316,0.7461992,-0.3895994,0.3352281,0.25544786,0.0,0.48647285,-0.008693687,0.0024856953,0.097147115,0.21711484,-0.09274476,0.120889075,0.0600787,0.085058756,-0.23294772,0.51335275,-0.19203274,-0.25470316
276,-0.4979713,0.48543978,-0.29552975,-0.034619488,0.0,-0.47310832,-0.068258256,0.0014010587,-0.047164988,0.027725229,0.1205135,-0.12290937,-0.081252255,-0.004838043,0.010494945,-0.12028341,-0.05667746,0.2717565
329,-0.10038562,0.080446325,-0.13004868,0.09134462,0.0,-0.1323648,0.01219911,0.0017688832,0.018838983,-0.18068662,-0.13230473,-0.1708095,0.022572545,-0.05292502,-0.6285598,0.2086043,0.3432179,-0.31267777
123,0.51797163,0.7980989,0.76545876,-0.048212722,0.0,0.9084182,0.00524796,0.005621514,0.11373931,0.20432526,0.13246231,0.37767065,-0.040593825,0.020672956,0.070667386,-0.08344142,0.10057947,0.5419025
222,-0.6580652,-0.72345644,-0.537772,-0.23280281,0.0,-0.13756889,-0.016551798,-0.0024683983,-0.14037971,-0.13521034,-0.07635107,-0.45564258,-0.042471334,-0.1493364,0.57420784,-0.2002864,-0.8380962,-0.83699864
280,-0.06427259,-0.35961774,0.19564958,-0.31867942,0.0,-0.3962662,0.018562982,-0.0014858112,0.0024827742,0.21393555,0.17171662,0.50069696,-0.099375024,-0.23186557,1.2130331,0.21379107,0.33641168,-0.3139617
62,0.13468331,-0.086974055,-0.24437429,0.15103638,0.0,-0.15467803,-0.03107922,0.007758002,0.029336156,-0.048264977,0.2275347,0.2916974,0.36555907,0.071282975,0.14189568,0.03767839,0.15552127,0.3418091
245,0.4753367,0.6460617,0.16169134,0.11617056,0.0,0.50318664,0.04185874,-0.016359825,0.09452955,-0.02617143,0.22126602,0.35947382,0.1811474,0.044365503,-0.018745596,0.1699227,0.114937164,0.32220376
272,0.22715442,-0.14603887,0.21952853,0.17036106,0.0,-0.48482648,-0.0324463,0.0030785042,0.009225085,-0.040742844,-0.20493403,0.30244914,-0.013175241,0.104424484,-0.0727561,0.0650603,0.14151272,-0.413278
130,0.025288858,-0.52963305,-0.46273714,-0.39716482,0.0,-0.628843,-0.11499049,0.0031457657,-0.036918007,-0.15185255,-0.14519413,-0.29495186,-0.12923618,-0.15857543,-0.14042893,-0.6854054,-0.42141315,-0.33880153
187,-0.5002083,-0.47306365,0.5566094,0.064526655,0.0,0.06241426,0.08659369,0.013532695,-0.0468474,-0.0596674,0.19182321,-0.18914235,0.07885363,0.020378154,-0.3157476,-0.18951751,0.035627,0.054680213
23,-0.6231715,0.3609827,0.051007383,0.07548887,0.0,0.4573635,0.11672166,0.0064376504,-0.07298019,-0.2581015,-0.12824112,0.15610872,-0.05694754,0.03844974,-0.13376583,0.106357016,0.013428196,0.28196204
238,0.22854012,-0.25014332,-0.69225603,0.1537738,0.0,0.25667012,-0.010229574,-0.005725584,0.0149373785,-0.1202176,-0.0074894237,0.35795325,-0.012783827,0.05529026,-0.34425715,-0.2085421,0.036368497,-0.060405973
186,-0.3167515,0.31217775,-0.25865322,0.123739496,0.0,0.032858104,0.07261977,0.00463012,-0.042680778,-0.017102683,0.33891144,0.35865727,-0.011951054,0.022213824,-0.04915726,0.13952328,0.16251028,0.5188625
43,-0.2502565,-0.6193656,-1.1599796,-0.15575549,0.0,-0.41543177,-0.062719956,-0.004173178,0.028284108,-0.1010878,-0.17665614,-0.8318885,-0.26397395,-0.08873717,-0.019360768,0.054251116,-0.25962892,-0.2826859
114,-0.6766088,-0.34027305,-0.14876132,-0.07924818,0.0,0.013867741,-0.049427465,-0.00010755287,-0.07558235,0.12024543,0.14679062,0.12611394,-0.046211243,-0.027498998,-0.24910653,-0.07878874,-0.1726591,-0.07199175
138,0.90290207,-0.05890539,1.1458223,0.3606876,0.0,0.056755938,0.10718197,0.007871506,0.18595031,0.2339969,0.099358045,0.8391003,0.2794408,0.1417669,-0.12227387,0.45483226,0.6670396,0.08688442
253,-0.61662024,0.018842513,-0.079033054,0.0030820859,0.0,-0.27442735,-0.0844798,0.0021577443,-0.11048327,-0.19764654,0.14731494,0.20707779,-0.09686456,-0.03375437,-0.50223637,0.1540086,-0.18997371,0.04524878
326,0.18648686,0.23330042,-0.028215412,-0.28695223,0.0,-0.32902408,0.0036383164,-0.0008076938,0.032014467,-0.07830195,-0.109372005,0.082796514,0.08607704,-0.16623962,-0.55696875,0.22727904,0.21951191,-0.46898693
201,0.027437363,0.116474696,0.6603642,0.06482389,0.0,0.02644732,0.0022807845,-0.012863092,0.037617143,-0.011404236,0.40020776,-0.10260616,0.18184648,0.01692061,0.121300705,0.20940904,0.14887355,0.50378525
149,0.45976186,-0.2667389,-0.555563,0.086111866,0.0,0.0661712,-0.0248081,0.0017678246,-0.007545893,-0.03167423,-0.05750205,-0.09495304,0.00464814,0.012805157,0.16748676,0.16611671,0.13555801,0.32930285
231,-0.111594744,0.5275272,0.17435722,0.21552746,0.0,-0.13962111,0.08199187,0.002729974,-0.018859902,0.16838767,0.12844928,0.5353295,0.04918645,-0.059779413,-0.067766964,-0.09212089,0.06903275,-0.07236296
112,0.31659177,-0.13317145,-0.12576406,-0.09418934,0.0,-0.41880742,-0.22475493,0.0005914589,0.026616538,0.04530092,-0.17060629,0.08884942,-0.107527964,-0.022985658,-0.30868855,-0.3577017,-0.14904149,0.026399223
205,-0.31141874,-0.019198747,-0.85938144,-0.042490374,0.0,-0.22946146,-0.034256477,-0.030095194,0.0010683023,-0.11717614,-0.12938124,-0.7789352,-0.02028563,-0.03579363,0.034234058,-0.10292417,-0.09818029,0.16456796
282,-0.29428244,0.18335351,0.05097133,0.06516093,0.0,-0.2980732,-0.09045941,0.0020382078,-0.0057474957,-0.257634,-0.24962567,0.07006553,-0.06216369,0.04142583,0.023282966,-0.075874664,0.15549183,0.004558411
98,0.5771636,0.8547613,0.37900963,0.23513858,0.0,0.90455043,0.021017173,0.001558624,0.1093131,0.059288193,0.28255084,0.5848001,0.19966717,0.13716623,0.038362037,0.5927493,0.13829081,0.2741539
266,0.13485087,-0.45192245,-0.8010241,-0.4205866,0.0,0.016396044,-0.049475584,-0.0035208408,-0.0075955926,-0.10952382,-0.04631796,-0.30292875,-0.13246384,-0.23280318,-0.17920253,0.0055861147,-0.017699616,-0.010666314
93,-0.79732186,-0.89049876,-0.20772816,-0.18104978,0.0,-0.10221636,-0.07895187,-0.00025433447,-0.046487987,-0.24840796,-0.27087966,-0.03898483,-0.268545,-0.14253171,-0.05422374,-0.4333618,-0.17237613,-0.6749593
260,-0.46123627,-0.36133128,-0.78879005,0.008632535,0.0,-0.11369093,0.035523515,0.008771354,-0.027520308,-0.09965425,0.10033079,-0.6702039,0.1107912,0.0098309815,-0.17646861,-0.21801671,-0.25368232,0.2880598
162,-0.35401806,0.006262451,-0.114892915,-0.08286762,0.0,-0.14402373,0.04728107,-0.0010549871,-0.03525093,-0.21004447,-0.16816536,-0.106294386,0.09123026,-0.07709303,-0.16851303,-0.15855566,0.048689235,-0.18134052
36,-0.013098785,-0.12665626,-0.61580366,0.061688162,0.0,-0.54338014,-0.058992073,-0.00037718276,-0.01736321,-0.08641675,-0.11676248,-0.5134676,-0.04191441,0.07467375,-0.089810975,-0.09889272,-0.07145655,-0.35042906
178,-0.9989125,-0.14954448,-0.15918471,0.06551577,0.0,-0.27493554,0.059502993,0.0037649693,-0.12772751,-0.31938517,0.14051798,0.18866311,0.10036636,0.030303773,0.023383662,-0.29543835,-0.486368,-0.40971062
113,0.44973835,-0.3773598,0.70849675,0.11363025,0.0,0.03331932,-0.02799537,0.002186591,0.022911144,0.19329865,0.029226841,0.25480658,0.02550944,0.06199622,0.018540755,0.40059924,-0.008801945,0.4910381
0,0.34267622,-0.16422534,-0.3007234,-0.21127649,0.0,0.3353155,-0.017859222,-0.0061558518,0.053378366,0.29094538,0.060665835,0.12431676,0.5999608,-0.031600304,-0.08602906,0.21636099,0.29988852,-0.1151092
94,-0.13093491,-0.36859345,0.15523915,0.02153642,0.0,0.4668553,-0.0053157373,-0.00018805938,0.02931941,0.100293785,0.06224852,0.060259257,-0.013753384,0.042486,-0.05074895,0.12291941,0.06555414,-0.16622311
308,0.25898257,0.17306125,0.16552183,0.04971929,0.0,0.020803206,-0.07708399,-0.0009523737,0.031302344,0.2224209,-0.045375858,0.00089798064,0.0323399,0.0409686,-0.07530428,0.12463171,0.28419828,-0.1521517
95,0.5383546,0.56851745,0.35371867,0.20721182,0.0,0.88772744,-0.015403492,0.0024267756,0.056825005,0.4600318,0.087022476,0.54799217,0.15071389,0.06487032,0.09292498,-0.10172783,0.15754436,0.331306
324,-0.10091695,0.39858443,-0.10884616,-0.15046237,0.0,-0.3611746,0.045729168,0.00094673026,0.019100731,-0.006462656,-0.025008606,0.16540284,0.022380352,-0.07445505,-0.33774975,0.06442707,0.23529592,-0.026908308
169,0.338753,0.051691648,-0.15837836,0.07458652,0.0,0.4913815,0.02271901,-0.000914599,0.061592612,0.32454422,0.029761687,0.12303062,0.19210528,0.01727422,0.0067098914,0.3230528,0.38765565,0.105727844
69,-1.2596996,-0.43297982,-0.38746375,-0.057934396,0.0,-0.093386054,0.0017625879,-0.00442206,-0.19536236,-0.288195,-0.2003979,0.23796776,-0.22654808,-0.0031282066,-0.21511653,-0.197313,-0.028337982,-0.25881413
48,0.4954507,0.43338656,0.83226633,0.19238447,0.0,0.99170065,0.00974298,-4.2554813e-05,0.070363656,0.2873945,0.3410459,0.16272482,0.4519322,0.10773915,0.36272034,0.21742442,0.35367772,0.08060514
207,-0.11847547,-0.5070657,-0.421753,-0.16946614,0.0,-0.23113166,-0.13020758,-0.006960361,0.02818695,0.027013836,-0.054661732,0.01590723,0.12285326,0.038748324,0.07299482,0.061955787,-0.24985223,-0.0875547
227,0.4157001,-0.13059598,-0.021071143,0.19962284,0.0,-0.6372853,0.0026846237,-0.0019565134,0.05402934,0.17743309,0.09283219,0.44774973,-0.028738024,0.115948245,0.016446453,0.25617045,-0.123043895,-0.4446721
148,-0.5282793,-0.16960405,-0.007468972,0.120854415,0.0,0.4501073,-0.030043425,0.002888257,-0.04221152,0.09253598,-0.108985506,-0.32525793,0.1285697,-0.006552032,-0.14842378,-0.1787565,-0.09109965,0.23228917
143,-0.4089185,-0.236814,-0.1419067,0.108241506,0.0,0.14021419,-0.09580769,0.00028571588,-0.05093307,-0.08646887,-0.2630113,-0.60951126,0.006112024,0.048911735,-0.7375176,-0.21946758,-0.3050628,0.242675
180,0.26210108,0.05401268,0.14292973,-0.2698819,0.0,-0.28618333,0.05090686,0.0057565225,-0.016415069,0.0022206323,0.10460286,-0.59119815,0.08200977,-0.025795428,0.0016735031,0.009728835,0.18512322,0.67939526
131,-0.11894324,-0.30690238,-0.31676063,0.04367276,0.0,-0.64193743,-0.037335362,0.0022703935,0.054717444,-0.07972425,-0.0006144757,-0.102328666,0.0169394,0.08846968,0.011071434,-0.007217334,-0.41660714,-0.7972536
298,0.21293448,-0.15576705,-0.11108125,0.10114434,0.0,-0.07591732,-0.025631625,0.0025054673,0.035516437,0.07226078,-0.121259846,0.009404158,0.20945175,0.063404284,0.2521049,-0.09483703,0.28778997,0.3480741
334,0.057658393,-0.61088115,0.19670781,-0.75500923,0.0,0.4059029,-0.03770617,-0.008293175,0.01886518,0.26759773,0.055493288,-0.0015593137,-0.2519323,-0.30826947,-0.49205992,0.04256682,0.12427584,-0.41305646
262,-0.21696037,0.4201058,0.7730179,0.23151162,0.0,0.7207736,0.09792479,0.010857249,-0.05153195,0.11134454,0.13573316,0.86827636,0.41058907,0.069630355,-0.018482095,0.0026233443,0.1122987,0.71171236
203,-0.124814756,-0.23420534,0.37562045,0.027226565,0.0,-0.010575506,-0.038797516,-0.0045566186,0.0039282814,0.03615208,0.11175132,0.19271444,0.102327004,-0.072547056,0.07305519,0.34624028,0.02808448,-0.42095616
84,0.49886045,-0.21874756,0.30484912,0.12305933,0.0,-0.47777522,0.050707333,0.004183744,0.045517277,0.13944735,-0.08867205,0.2181461,-0.017647421,0.115820885,0.09614482,0.2773051,-0.30387473,-0.37602857
121,0.51505905,0.056974467,0.3904879,0.1618444,0.0,0.43814823,-0.068606146,0.009254452,0.0907202,0.030246377,0.14287235,0.12843278,-0.062794365,0.062789425,-0.09126795,0.12798187,-0.16961637,-0.37250736
287,-0.27293926,0.34122235,-0.8240464,0.04007527,0.0,0.13473912,-0.11088206,0.006952037,-0.03163248,0.020378325,0.23939951,0.23173428,0.03992615,0.04419267,0.12757881,0.15009709,-0.16070962,0.1647726
307,0.2919968,0.0043468215,-0.34732795,0.079312295,0.0,-0.057927735,-0.040060543,-0.00081702974,0.022090392,0.106566265,0.013552677,0.053820506,-0.058173105,0.02823683,-0.016319523,0.24514255,0.26930115,0.07900218
91,-0.64948857,0.15530317,0.20975053,-0.07038012,0.0,-0.376981,-0.210529,0.00212784,-0.12322415,-0.18085535,-0.18829183,0.12999325,-0.08224411,0.025673833,-0.33095458,-0.3272183,-0.15125604,-0.43999958
82,0.15031567,0.45702252,-0.03717742,0.1617618,0.0,-0.5404737,-0.017414475,0.0017764112,0.058627516,0.2661422,0.18581316,0.6307409,0.037636086,0.12503241,0.068732016,0.28016067,-0.16113415,-0.2770703
267,0.17818297,-0.7674167,-0.73596376,-0.101838514,0.0,0.20076084,-0.058573134,-8.100339e-05,-0.00836068,-0.22404866,0.0019270785,-0.2188873,-0.4977067,-0.038424626,-0.15763249,-0.20331892,-0.30848315,-0.6690286
119,-0.6385048,0.263959,-0.5761411,-0.06303314,0.0,0.21151309,-0.27003354,0.002333518,-0.07719314,0.11422418,-0.091437876,0.08226351,-0.07521331,-0.0046353424,-0.25780332,-0.20352508,-0.29330692,-0.73227876
57,-0.55562866,-0.040363777,-0.51088184,-0.13498497,0.0,-0.7623919,-0.0017663522,-0.026757522,-0.037717342,0.028113812,-0.27968875,-0.5088706,-0.39070848,0.023284703,-0.26144776,-0.37347826,-0.35095602,-0.424568
257,0.15691909,-0.2849544,-0.4758227,0.035286643,0.0,0.0448774,0.050671503,0.0034271812,0.043063514,0.048427306,0.10596655,0.12400295,0.21470337,-0.0003139462,0.25629938,-0.07756497,-0.23761564,0.3833261
296,0.44282484,0.1393995,0.8156374,0.15106875,0.0,-0.018589012,-0.02060081,0.005095562,0.081311345,0.023575751,0.09653767,0.45213407,0.35077822,-0.003142402,0.13029799,0.020817326,0.12565191,0.59196436
42,-0.2851746,-0.45644125,-1.6029165,-0.024296006,0.0,-0.5148436,-0.08794613,-0.020871632,-0.04180875,-0.20302962,-0.39004505,-1.0857431,-0.3486657,-0.007917589,-0.36783522,-0.3764396,-0.41281366,-0.381867
105,-0.36631373,0.19058102,0.18469658,0.20588921,0.0,-0.32603592,-0.15407024,0.002606435,-0.049023207,-0.015881794,-0.09471955,0.021602614,-0.051037814,0.05937756,-0.099517845,-0.278916,-0.1703342,0.33201507
273,0.31115946,0.30228427,-0.5601081,0.1181838,0.0,-0.20789734,-0.05981179,0.0035280238,0.049557276,0.015906464,-0.097104535,0.027441716,0.03123472,0.03208528,-0.05336944,0.08869944,0.23589315,0.31704178
294,0.46228138,0.37638864,0.038592037,-0.032787755,0.0,0.26482978,-0.042397093,0.00045665007,0.030231595,-0.006957965,-0.07639014,-0.006849594,0.08864197,0.023431733,-0.061700348,-0.33042237,0.2914076,0.414816
38,0.24267542,0.4745043,0.03520135,0.01921424,0.0,-0.5967241,-0.029204685,-0.010653274,0.06040688,0.011439704,-0.12453003,0.13731636,-0.027439851,0.083712175,-0.32940322,0.16392677,-0.18330851,-0.53529924
53,-0.47398302,0.1511653,0.12962,0.17330663,0.0,0.39820775,0.05519226,-0.015400456,-0.07530351,-0.2398573,0.05159612,0.22983663,0.18961489,0.051365398,-0.113066606,-0.02270144,-0.317898,0.21908535
289,0.30246636,0.09390375,-0.7216283,-0.012127476,0.0,0.3262547,-0.09153213,0.004571427,-0.010474817,-0.08956302,0.12011814,-0.392059,0.19337362,-0.023249017,0.017437575,0.10950044,-0.24620561,0.4666361
128,0.33474496,-0.20270787,-0.27760413,0.016023394,0.0,-0.2897486,-0.0010285802,0.004685779,-0.0067103854,0.0058208527,-0.07593284,-0.18105912,0.036993023,0.0060490286,-0.082877174,0.123871416,0.30380228,0.67660284
28,-0.2718495,0.55790424,0.051638037,0.22442281,0.0,0.5224896,0.11869691,0.0100358995,-0.07156617,-0.021679105,0.3173585,0.32650167,0.12941681,0.052508764,-0.104026884,0.05249046,0.0449216,0.45081475
183,0.27246886,0.35780045,1.0387199,0.2742704,0.0,0.07961682,0.113814965,0.005018309,0.036829185,0.11650959,0.2812405,0.3980334,0.18906786,0.046240807,0.25009274,0.21824384,-0.01704395,0.73011404
163,0.5208939,0.4664172,-0.06552544,0.11194258,0.0,0.019295992,0.09694196,0.0038305076,0.052913576,0.28926918,0.044368565,0.050916642,0.09377692,0.06825435,0.016635492,-0.16237229,0.11864439,0.6628142
151,0.37299713,0.6174226,0.05070263,0.25691703,0.0,-0.25497597,0.08420922,0.0037815955,0.031001676,0.063191086,-0.074473985,0.22871758,0.0476172,0.04616015,0.15040861,0.038384654,0.26737496,0.46237063
244,-0.5000536,0.33712816,0.07594766,-0.08562446,0.0,0.49118352,0.041495983,-0.017610865,-0.070366226,-0.16640718,0.14127752,-0.20780404,0.032354563,-0.0046241046,0.07402521,-0.13276696,0.15387733,0.22935769
202,0.010311179,0.5216262,0.47228727,0.34108368,0.0,-0.15786223,0.0010995921,-0.017355692,-0.019214062,-0.0056722,0.4775827,0.5404624,0.3202981,0.02715824,-0.037669398,0.12276075,0.1472052,0.6462475
31,0.37384278,-0.06931509,0.45058098,0.052666433,0.0,-0.20786104,-0.0750477,-0.0052285003,0.07645838,0.19271968,0.19299299,0.37734714,0.1170958,0.019148348,0.27368185,0.08140476,0.3166332,0.22376296
32,-0.6185022,-0.3723032,-0.14072128,-0.1283246,0.0,-0.36850765,-0.1325643,-0.031021161,-0.08852719,-0.089503326,-0.11953175,-0.9622538,0.016091067,-0.014021869,-0.22305144,-0.078061044,-0.05593715,-0.20198336
127,-0.3735856,-0.35314366,0.22921593,-0.05786839,0.0,-0.009289823,0.015205979,-0.0008486823,-0.0575786,-0.0035568564,0.11975667,-0.1270454,0.02438831,-0.018154457,-0.5128492,0.048008725,0.12669997,0.34142512
185,0.4429491,1.0488894,0.1466191,0.18848547,0.0,0.2334253,0.09693428,0.0029347464,0.073850095,0.10904188,0.13478884,0.051724084,0.11366326,0.041387923,-0.10172614,0.06105165,0.38395137,0.36285508
311,0.5242128,0.9445633,-0.15283519,0.1530213,0.0,0.2717785,-0.019666718,0.0011866298,0.06721402,-0.040767647,-0.06614929,-0.027112642,0.1288056,0.028710537,-0.11575952,-0.09889694,0.23114063,0.26977938
288,0.22950213,0.20012984,0.43959552,0.010552547,0.0,0.38657174,-0.07695415,0.0053923246,-0.01126575,-0.052143328,0.06871665,-0.26227075,-0.007934222,-0.22483225,0.08480326,-0.15763761,0.11856475,0.42387185
303,0.25745884,0.05404171,0.83972055,0.18955074,0.0,-0.099731356,-0.017447675,-0.001269012,0.017832829,-0.092518754,-0.12225035,-0.33500403,-0.02348827,0.037638072,-0.088490106,-0.21917546,0.2713714,0.3346071
147,0.5491331,0.7240518,0.30009606,0.35287827,0.0,0.6535397,-0.0070853895,-0.0018935947,0.0572941,0.09752864,-0.077965446,-0.089599654,0.15016907,0.022456752,0.04340746,-0.073641896,0.16885532,0.5214646
285,0.54947925,0.1618446,0.47912747,0.17337734,0.0,0.15924725,0.0061120274,0.0052033,0.10410865,-0.07638621,0.1778799,-0.04890702,-0.07970497,0.09957767,0.070817426,0.1963257,-0.13520089,-0.058868792
309,-0.27974755,-0.2578048,-0.2873774,-0.026445318,0.0,-0.043911446,0.004962658,0.00052815716,-0.032788195,-0.018887766,-0.05338508,-0.045947693,0.12459676,0.020310642,-0.1791379,0.08184341,0.49365574,-0.2697174
177,0.5301118,0.66602415,1.0027121,0.28287837,0.0,-0.04080236,0.13596441,0.007027376,0.09613148,0.02908253,0.43282515,0.49797496,0.2901031,0.05077206,0.35789996,0.81499386,0.4922959,0.74438226
99,-1.2404499,-0.7656999,-0.604448,-0.00039286635,0.0,0.27514604,-0.17476957,0.00031653195,-0.12479319,-0.30566642,-0.3783078,-0.73811525,-0.16945013,0.030258637,-0.30965608,-0.2272165,-0.14460252,-0.7309235
197,-0.8561404,-0.04903714,-0.6528549,-0.25956246,0.0,-0.30158722,0.050629057,0.00019980408,-0.11837654,-0.54370636,-0.4786374,-0.94702655,-0.40869862,-0.028478514,-0.13576621,-0.46545422,-0.5228947,0.11006848
243,-0.32536533,0.6662959,0.7349457,0.24690609,0.0,0.87124056,0.029976755,-0.0011161492,-0.05604255,0.17871022,0.104177505,0.034994826,0.05341045,0.053313553,0.28574228,0.07417756,0.12639017,0.31206408
115,0.6833318,1.028683,-0.1602421,0.18821208,0.0,-0.006902497,0.002464958,0.011132407,0.06369095,0.085897096,0.21780184,0.1742996,-0.03484386,0.06493911,0.024701523,0.2174616,0.47031477,0.3602758
265,0.22973686,0.116201095,-0.5470018,0.16204193,0.0,0.098326,-0.05920753,0.0016553572,0.0105698975,0.02404885,-0.1275792,-0.5494117,-0.2889967,0.047461707,-0.055202257,0.05041141,-0.278503,-0.4438517
72,-0.07882397,-0.67599005,-0.875178,-0.95076877,0.0,0.03868557,-0.07164002,-0.009815717,0.0032661217,-0.11960614,-0.1288534,-0.6276476,-0.021898203,-0.36724752,0.25438884,0.02471222,-0.1464152,0.14380324
25,-0.4463168,0.29842773,-0.16011076,-0.022276416,0.0,0.2923885,0.09462364,0.007229303,-0.043236647,-0.12628025,0.06318993,-0.45573628,0.15445325,0.01218352,-0.07667882,0.13464633,0.05556922,0.6089504
165,0.53542733,0.84385157,0.048483204,0.09018298,0.0,0.27849895,0.06145731,0.0045014033,0.032787215,0.06817888,-0.07372482,0.10199891,0.12267935,0.06850823,0.08302211,-0.02345442,-0.015744828,0.16454747
321,-0.16287795,-0.23648699,-0.020328823,-0.15493599,0.0,-0.11354018,0.023811242,0.0031395447,0.024073668,-0.1512787,-0.12077784,0.044921953,-0.038146563,-0.10744942,-0.39762822,0.063773036,0.21724324,-0.37142637
174,-0.18043816,-0.2534364,0.10988469,-0.04297197,0.0,0.08529685,0.020497277,0.001309823,-0.062103998,-0.13916416,-0.11933313,-0.22410792,0.1780182,0.015595864,0.11226486,-0.11294101,0.18177617,-0.17960393
331,0.08086481,-0.7049446,-0.23221111,-0.5158201,0.0,-0.0067497105,0.011595581,-0.0066392953,-0.002911911,0.25276944,0.1414652,0.04603189,-0.20483406,-0.20467998,-0.4217412,0.124914,0.23782821,-0.2928409
39,0.23433319,0.25594515,-0.7670536,-0.15516944,0.0,-0.13091108,-0.0040411702,-0.00045996034,0.031323314,0.1500719,-0.17808065,0.42359942,0.048524637,-0.042932954,0.12118802,0.12969874,0.11678283,0.15769126
193,0.08402309,-0.6378732,0.07363722,-0.5215211,0.0,0.07924517,0.004143288,0.0036054149,0.016465034,-0.03779905,-0.053356126,-0.8820559,-0.27564558,-0.1129079,0.011934801,-0.2290818,-0.4401878,0.30894238
314,0.68380857,0.62572074,0.19122626,0.21981709,0.0,0.75008625,-0.039931044,0.0019291913,0.07559612,0.3634376,0.36577445,0.4972849,0.2023042,0.12599227,-0.05402378,0.14527546,0.07254015,0.5879749
88,-0.50464076,0.08771136,-0.40048504,-0.7393855,0.0,-0.4927157,-0.13430649,0.0021859077,-0.13445124,-0.21218643,-0.26227176,-0.044256937,-0.1041275,-0.431445,-0.33326554,0.013307077,-0.050942164,-0.868162
70,0.22971553,0.18949765,0.2286034,0.27710128,0.0,0.8232053,0.13913898,0.0026128916,0.058557708,0.3460366,0.027635235,0.54899526,-0.023621386,-0.01111569,-0.036523163,-0.06690202,0.3475456,0.31024116
87,0.39587983,0.4762097,0.28858382,0.16239816,0.0,-0.20720945,-0.025447462,0.0026251054,0.07851061,-0.008370327,0.13635734,0.22742836,-0.010633549,0.124596775,-0.08861237,0.10667047,-0.10015858,-0.16715817
292,-0.6169538,-0.3032354,-0.03582861,0.01892344,0.0,0.49807015,-0.03728561,0.010674895,-0.06950662,-0.044648506,0.11513864,-0.5827458,0.15953423,0.009543829,-0.3558338,-0.052174203,-0.063054636,0.3042531
242,0.61400235,-0.15974094,-0.054412484,0.17045598,0.0,0.5056252,0.02405997,-4.029594e-05,0.045131866,0.105583616,-0.0046006744,-0.121471755,0.10344332,0.029635467,0.29968858,0.2800688,0.48053446,0.07283657
277,-0.82841384,-0.25078827,0.4969574,0.03089954,0.0,-0.2933431,-0.054362874,0.0056957123,-0.1331602,-0.092311025,-0.12037735,-0.106840245,-0.21204993,0.052384682,-0.15651333,-0.25965086,0.100746974,0.27410805
211,0.1397767,0.07261169,-0.36911288,-0.24929827,0.0,-0.2289614,-0.02391822,-0.0060620424,-0.0011354898,-0.01359204,-0.23138787,-0.57711375,-0.036444206,-0.034195878,-0.05987076,0.07445077,-0.23971635,-0.82538295
9,0.26684356,0.1360209,-0.23195384,0.028581867,0.0,-0.14586246,0.047093425,0.00091133127,0.040508416,-0.14657922,-0.038006686,-0.16790447,-0.3296633,0.038840335,0.025659,-0.094977826,0.40221334,-0.44063872
195,-0.3514001,0.11886606,0.17404278,0.054845702,0.0,0.49628273,0.106880054,0.0015076253,-0.066757314,0.05606792,0.13559037,-0.06934757,0.21853197,0.034539063,-0.059608888,-0.02790116,0.25338992,0.31528297
251,0.018205127,0.18736206,-0.14841118,0.014467525,0.0,-0.16397852,0.03256449,0.0033209515,0.03393662,-0.06122247,0.2079184,0.28658062,0.41476688,0.051344994,0.99883527,0.21005677,0.03918912,0.26632088
323,0.05545793,-0.0074511957,0.16030176,-0.3423111,0.0,-0.3566964,0.0023322154,0.0010016264,0.0022113996,-0.01031882,-0.0929158,0.17552882,0.024654856,-0.17837995,-0.53915447,0.17286623,0.13355848,-0.5060927
192,0.17949982,-0.29087925,-0.5962983,0.18748376,0.0,0.116927624,0.041503206,0.0032742668,0.01299521,0.012715824,-0.012895945,-0.13927875,0.00410443,0.047553647,-0.07818258,-0.21706149,-0.21906269,0.33824435
117,0.10846236,-0.41023877,-0.7721133,0.033193335,0.0,-0.08653236,-0.068741746,0.00020966672,0.052935224,-0.023523986,0.051726926,-0.04815993,-0.2680461,0.06472774,0.0010515319,-0.1426537,0.1204585,-0.22132556
47,0.08447707,0.234572,-0.63462794,-0.23944901,0.0,0.30607724,-0.07848397,-0.0037625383,0.088825196,0.033028778,-0.17743565,-0.052866362,-0.15704593,-0.21859626,-0.13208236,0.031914942,-0.29186466,-0.40228716
172,0.28020397,-0.2321059,0.44990247,0.11166814,0.0,0.42379707,0.05311412,-0.0007074323,0.06200677,-0.104540505,-0.083918534,0.0025610023,0.2213211,0.002668205,-0.12952748,-0.036217276,0.19979616,0.17089503
